"lst","num","stop_id","dia"
"Avanza,DIREXIS TUSGSAL,Sagalés (Vallès Oriental)",3,FYT_3793,2025-10-14
"Avanza,DIREXIS TUSGSAL,Sagalés (Vallès Oriental)",3,AMB_106979,2025-10-13
"DIREXIS TUSGSAL,Sagalés (Vallès Oriental)",2,AMB_112480,2025-10-14
"DIREXIS TUSGSAL,Sagalés (Costa)",2,AMB_000950,2025-10-14
"Avanza,Moventis",2,AMB_200030,2025-10-18
"Avanza,Moventis",2,AMB_200250,2025-10-18
"DIREXIS TUSGSAL,Sagalés (Vallès Oriental)",2,AMB_001070,2025-10-14
"Avanza,Moventis",2,AMB_000324,2025-10-13
"Avanza,Moventis",2,AMB_000324,2025-10-14
"Avanza,Moventis",2,AMB_000151,2025-10-14
"Avanza,Moventis",2,AMB_000151,2025-10-13
"Avanza,Moventis",2,AMB_000643,2025-10-13
"Avanza,Moventis",2,AMB_000643,2025-10-14
"Avanza,Moventis",2,AMB_000748,2025-10-13
"Avanza,DIREXIS TUSGSAL",2,FYT_3871,2025-10-14
"Avanza,DIREXIS TUSGSAL",2,FYT_3871,2025-10-15
"Avanza,Moventis",2,AMB_000748,2025-10-14
"DIREXIS TUSGSAL,Sagalés (Vallès Oriental)",2,AMB_000230,2025-10-13
"Avanza,Moventis",2,AMB_000644,2025-10-13
"Avanza,Moventis",2,AMB_000644,2025-10-14
"Avanza,Moventis",2,AMB_000906,2025-10-13
"Avanza,Moventis",2,AMB_000906,2025-10-14
"DIREXIS TUSGSAL,Sagalés (Vallès Oriental)",2,AMB_000230,2025-10-14
"Avanza,Moventis",2,AMB_000645,2025-10-13
"Avanza,Moventis",2,AMB_000645,2025-10-14
"Avanza,Moventis",2,AMB_001411,2025-10-13
"Avanza,Moventis",2,AMB_001411,2025-10-14
"DIREXIS TUSGSAL,Sagalés (Costa)",2,AMB_000950,2025-10-13
"Sagalés (Osona),Urbà de Vic",2,VIC_2016,2025-10-13
"Sagalés (Osona),Urbà de Vic",2,VIC_2016,2025-10-14
"Sagalés (Osona),Urbà de Vic",2,VIC_2392,2025-10-13
"Sagalés (Osona),Urbà de Vic",2,VIC_2392,2025-10-14
"Sagalés (Osona),Urbà de Vic",2,VIC_4044,2025-10-13
"Sagalés (Osona),Urbà de Vic",2,VIC_4044,2025-10-14
"Avanza,Moventis",2,AMB_105425,2025-10-14
"Avanza,DIREXIS TUSGSAL",2,AMB_001210,2025-10-15
"DIREXIS TUSGSAL,Sagalés (Vallès Oriental)",2,AMB_109187,2025-10-14
"DIREXIS TUSGSAL,Sagalés (Vallès Oriental)",2,AMB_001069,2025-10-15
"DIREXIS TUSGSAL,Sagalés (Vallès Oriental)",2,AMB_001069,2025-10-14
"DIREXIS TUSGSAL,Sagalés (Vallès Oriental)",2,AMB_112480,2025-10-13
DIREXIS TUSGSAL,1,AMB_000194,2025-10-14
DIREXIS TUSGSAL,1,AMB_000232,2025-10-13
DIREXIS TUSGSAL,1,AMB_000232,2025-10-14
Avanza,1,AMB_000237,2025-10-13
Avanza,1,AMB_000237,2025-10-14
Avanza,1,AMB_000251,2025-10-13
Avanza,1,AMB_000251,2025-10-14
DIREXIS TUSGSAL,1,AMB_000300,2025-10-13
DIREXIS TUSGSAL,1,AMB_000300,2025-10-14
Avanza,1,AMB_000309,2025-10-13
Avanza,1,AMB_000309,2025-10-14
Avanza,1,AMB_000310,2025-10-13
Avanza,1,AMB_000310,2025-10-14
Avanza,1,AMB_000324,2025-10-15
DIREXIS TUSGSAL,1,AMB_000329,2025-10-13
DIREXIS TUSGSAL,1,AMB_000329,2025-10-14
DIREXIS TUSGSAL,1,AMB_000329,2025-10-15
Monbus (Horta),1,AMB_000350,2025-10-13
Monbus (Horta),1,AMB_000350,2025-10-14
Moventis,1,AMB_000352,2025-10-13
Moventis,1,AMB_000352,2025-10-14
Monbus (Horta),1,AMB_000365,2025-10-13
Monbus (Horta),1,AMB_000365,2025-10-14
DIREXIS TUSGSAL,1,AMB_000382,2025-10-13
DIREXIS TUSGSAL,1,AMB_000382,2025-10-14
Avanza,1,AMB_000391,2025-10-13
Avanza,1,AMB_000391,2025-10-14
Avanza,1,AMB_000391,2025-10-15
Avanza,1,AMB_000392,2025-10-13
Avanza,1,AMB_000392,2025-10-14
Avanza,1,AMB_000392,2025-10-15
DIREXIS TUSGSAL,1,AMB_000406,2025-10-13
DIREXIS TUSGSAL,1,AMB_000406,2025-10-14
DIREXIS TUSGSAL,1,AMB_000428,2025-10-13
DIREXIS TUSGSAL,1,AMB_000428,2025-10-14
Avanza,1,AMB_000458,2025-10-13
Avanza,1,AMB_000458,2025-10-14
Moventis,1,AMB_000470,2025-10-13
Moventis,1,AMB_000470,2025-10-14
Monbus (Horta),1,AMB_000476,2025-10-13
Monbus (Horta),1,AMB_000476,2025-10-14
Monbus (Horta),1,AMB_000477,2025-10-13
Monbus (Horta),1,AMB_000477,2025-10-14
Avanza,1,AMB_000481,2025-10-13
Avanza,1,AMB_000481,2025-10-14
Avanza,1,AMB_000483,2025-10-13
Avanza,1,AMB_000483,2025-10-14
DIREXIS TUSGSAL,1,AMB_000506,2025-10-13
DIREXIS TUSGSAL,1,AMB_000506,2025-10-14
DIREXIS TUSGSAL,1,AMB_000506,2025-10-15
Monbus (Horta),1,AMB_000557,2025-10-13
Monbus (Horta),1,AMB_000557,2025-10-14
DIREXIS TUSGSAL,1,AMB_000569,2025-10-13
DIREXIS TUSGSAL,1,AMB_000569,2025-10-14
DIREXIS TUSGSAL,1,AMB_000569,2025-10-15
Moventis,1,AMB_000581,2025-10-13
Moventis,1,AMB_000581,2025-10-14
Avanza,1,AMB_000584,2025-10-13
Avanza,1,AMB_000584,2025-10-14
Avanza,1,AMB_000584,2025-10-15
Moventis,1,AMB_000585,2025-10-13
Moventis,1,AMB_000585,2025-10-14
DIREXIS TUSGSAL,1,AMB_000586,2025-10-13
DIREXIS TUSGSAL,1,AMB_000586,2025-10-14
Avanza,1,AMB_000590,2025-10-13
Avanza,1,AMB_000590,2025-10-14
Avanza,1,AMB_000590,2025-10-15
DIREXIS TUSGSAL,1,AMB_000595,2025-10-13
DIREXIS TUSGSAL,1,AMB_000595,2025-10-14
DIREXIS TUSGSAL,1,AMB_000607,2025-10-13
DIREXIS TUSGSAL,1,AMB_000607,2025-10-14
DIREXIS TUSGSAL,1,AMB_000614,2025-10-13
DIREXIS TUSGSAL,1,AMB_000614,2025-10-14
Moventis,1,AMB_000632,2025-10-13
Moventis,1,AMB_000632,2025-10-14
Avanza,1,AMB_000643,2025-10-15
Avanza,1,AMB_000644,2025-10-15
Avanza,1,AMB_000645,2025-10-15
Moventis,1,AMB_000648,2025-10-13
Moventis,1,AMB_000648,2025-10-14
DIREXIS TUSGSAL,1,AMB_000697,2025-10-14
DIREXIS TUSGSAL,1,AMB_000704,2025-10-13
DIREXIS TUSGSAL,1,AMB_000704,2025-10-14
Avanza,1,AMB_000707,2025-10-13
Avanza,1,AMB_000707,2025-10-14
Avanza,1,AMB_000707,2025-10-15
Avanza,1,AMB_000708,2025-10-13
Avanza,1,AMB_000708,2025-10-14
Avanza,1,AMB_000708,2025-10-15
Moventis (Port),1,AMB_000722,2025-10-13
Moventis (Port),1,AMB_000722,2025-10-14
Moventis (Port),1,AMB_000723,2025-10-13
Moventis (Port),1,AMB_000723,2025-10-14
DIREXIS TUSGSAL,1,AMB_000740,2025-10-13
DIREXIS TUSGSAL,1,AMB_000740,2025-10-14
Avanza,1,AMB_000748,2025-10-15
DIREXIS TUSGSAL,1,AMB_000755,2025-10-13
DIREXIS TUSGSAL,1,AMB_000755,2025-10-14
Avanza,1,AMB_000771,2025-10-13
Avanza,1,AMB_000771,2025-10-14
Avanza,1,AMB_000771,2025-10-15
Avanza,1,AMB_000776,2025-10-13
Avanza,1,AMB_000776,2025-10-14
Avanza,1,AMB_000776,2025-10-15
DIREXIS TUSGSAL,1,AMB_000786,2025-10-13
DIREXIS TUSGSAL,1,AMB_000786,2025-10-14
Monbus (Horta),1,AMB_000793,2025-10-13
Monbus (Horta),1,AMB_000793,2025-10-14
DIREXIS TUSGSAL,1,AMB_000805,2025-10-13
DIREXIS TUSGSAL,1,AMB_000805,2025-10-14
DIREXIS TUSGSAL,1,AMB_000806,2025-10-13
DIREXIS TUSGSAL,1,AMB_000806,2025-10-14
DIREXIS TUSGSAL,1,AMB_000807,2025-10-13
DIREXIS TUSGSAL,1,AMB_000807,2025-10-14
DIREXIS TUSGSAL,1,AMB_000818,2025-10-13
DIREXIS TUSGSAL,1,AMB_000818,2025-10-14
Moventis,1,AMB_000821,2025-10-13
Moventis,1,AMB_000821,2025-10-14
DIREXIS TUSGSAL,1,AMB_000827,2025-10-13
DIREXIS TUSGSAL,1,AMB_000827,2025-10-14
DIREXIS TUSGSAL,1,AMB_000830,2025-10-13
DIREXIS TUSGSAL,1,AMB_000830,2025-10-14
Avanza,1,AMB_000831,2025-10-13
Avanza,1,AMB_000831,2025-10-14
Avanza,1,AMB_000831,2025-10-15
DIREXIS TUSGSAL,1,AMB_000835,2025-10-13
DIREXIS TUSGSAL,1,AMB_000835,2025-10-14
DIREXIS TUSGSAL,1,AMB_000838,2025-10-13
DIREXIS TUSGSAL,1,AMB_000838,2025-10-14
Monbus (Horta),1,AMB_000845,2025-10-13
Monbus (Horta),1,AMB_000845,2025-10-14
Avanza,1,AMB_000856,2025-10-13
Avanza,1,AMB_000856,2025-10-14
Avanza,1,AMB_000856,2025-10-15
DIREXIS TUSGSAL,1,AMB_000899,2025-10-13
DIREXIS TUSGSAL,1,AMB_000899,2025-10-14
DIREXIS TUSGSAL,1,AMB_000899,2025-10-15
Avanza,1,AMB_000905,2025-10-13
Avanza,1,AMB_000905,2025-10-14
Avanza,1,AMB_000905,2025-10-15
Avanza,1,AMB_000906,2025-10-15
Moventis,1,AMB_000917,2025-10-13
Moventis,1,AMB_000917,2025-10-14
DIREXIS TUSGSAL,1,AMB_000950,2025-10-15
Monbus (Horta),1,AMB_000998,2025-10-13
Monbus (Horta),1,AMB_000998,2025-10-14
Monbus (Horta),1,AMB_001001,2025-10-13
Monbus (Horta),1,AMB_001001,2025-10-14
Moventis (Port),1,AMB_001004,2025-10-13
Moventis (Port),1,AMB_001004,2025-10-14
Avanza,1,AMB_001034,2025-10-13
Avanza,1,AMB_001034,2025-10-14
Avanza,1,AMB_001034,2025-10-15
Moventis,1,AMB_001043,2025-10-13
Moventis,1,AMB_001043,2025-10-14
Moventis,1,AMB_001044,2025-10-13
Moventis,1,AMB_001044,2025-10-14
Moventis (Port),1,AMB_001061,2025-10-13
Moventis (Port),1,AMB_001061,2025-10-14
DIREXIS TUSGSAL,1,AMB_001069,2025-10-13
DIREXIS TUSGSAL,1,AMB_001070,2025-10-13
DIREXIS TUSGSAL,1,AMB_001070,2025-10-15
Avanza,1,AMB_001075,2025-10-13
Avanza,1,AMB_001075,2025-10-14
Avanza,1,AMB_001075,2025-10-15
Moventis,1,AMB_001097,2025-10-13
Moventis,1,AMB_001097,2025-10-14
DIREXIS TUSGSAL,1,AMB_001100,2025-10-13
DIREXIS TUSGSAL,1,AMB_001100,2025-10-14
DIREXIS TUSGSAL,1,AMB_001101,2025-10-13
DIREXIS TUSGSAL,1,AMB_001101,2025-10-14
DIREXIS TUSGSAL,1,AMB_001109,2025-10-14
DIREXIS TUSGSAL,1,AMB_001109,2025-10-15
DIREXIS TUSGSAL,1,AMB_001111,2025-10-13
DIREXIS TUSGSAL,1,AMB_001111,2025-10-14
DIREXIS TUSGSAL,1,AMB_001111,2025-10-15
Monbus (Horta),1,AMB_001116,2025-10-13
Monbus (Horta),1,AMB_001116,2025-10-14
Monbus (Horta),1,AMB_001117,2025-10-13
Monbus (Horta),1,AMB_001117,2025-10-14
Monbus (Horta),1,AMB_001122,2025-10-13
Monbus (Horta),1,AMB_001122,2025-10-14
Avanza,1,AMB_001124,2025-10-14
Avanza,1,AMB_001124,2025-10-15
DIREXIS TUSGSAL,1,AMB_001127,2025-10-13
DIREXIS TUSGSAL,1,AMB_001127,2025-10-14
DIREXIS TUSGSAL,1,AMB_001127,2025-10-15
DIREXIS TUSGSAL,1,AMB_001128,2025-10-13
DIREXIS TUSGSAL,1,AMB_001128,2025-10-14
DIREXIS TUSGSAL,1,AMB_001128,2025-10-15
DIREXIS TUSGSAL,1,AMB_001131,2025-10-13
DIREXIS TUSGSAL,1,AMB_001131,2025-10-14
DIREXIS TUSGSAL,1,AMB_001147,2025-10-13
DIREXIS TUSGSAL,1,AMB_001147,2025-10-14
DIREXIS TUSGSAL,1,AMB_001148,2025-10-13
DIREXIS TUSGSAL,1,AMB_001148,2025-10-14
DIREXIS TUSGSAL,1,AMB_001152,2025-10-13
DIREXIS TUSGSAL,1,AMB_001152,2025-10-14
Moventis,1,AMB_001153,2025-10-13
Moventis,1,AMB_001153,2025-10-14
Moventis,1,AMB_001155,2025-10-13
Moventis,1,AMB_001155,2025-10-14
Avanza,1,AMB_001197,2025-10-15
Avanza,1,AMB_001200,2025-10-13
Avanza,1,AMB_001200,2025-10-14
Avanza,1,AMB_001200,2025-10-15
Avanza,1,AMB_001201,2025-10-13
Avanza,1,AMB_001201,2025-10-14
Avanza,1,AMB_001201,2025-10-15
Moventis,1,AMB_001202,2025-10-13
Moventis,1,AMB_001202,2025-10-14
Moventis,1,AMB_001203,2025-10-13
Moventis,1,AMB_001203,2025-10-14
DIREXIS TUSGSAL,1,AMB_001204,2025-10-13
DIREXIS TUSGSAL,1,AMB_001204,2025-10-14
DIREXIS TUSGSAL,1,AMB_001205,2025-10-13
DIREXIS TUSGSAL,1,AMB_001205,2025-10-14
Moventis,1,AMB_001206,2025-10-13
Moventis,1,AMB_001206,2025-10-14
Avanza,1,AMB_001210,2025-10-13
DIREXIS TUSGSAL,1,AMB_001231,2025-10-13
DIREXIS TUSGSAL,1,AMB_001231,2025-10-14
DIREXIS TUSGSAL,1,AMB_001231,2025-10-15
DIREXIS TUSGSAL,1,AMB_001242,2025-10-13
DIREXIS TUSGSAL,1,AMB_001242,2025-10-14
DIREXIS TUSGSAL,1,AMB_001252,2025-10-13
DIREXIS TUSGSAL,1,AMB_001252,2025-10-14
Avanza,1,AMB_001259,2025-10-13
Avanza,1,AMB_001259,2025-10-14
Avanza,1,AMB_001259,2025-10-15
Monbus (Horta),1,AMB_001260,2025-10-13
Monbus (Horta),1,AMB_001260,2025-10-14
Monbus (Horta),1,AMB_001261,2025-10-13
Monbus (Horta),1,AMB_001261,2025-10-14
DIREXIS TUSGSAL,1,AMB_001273,2025-10-13
DIREXIS TUSGSAL,1,AMB_001273,2025-10-14
DIREXIS TUSGSAL,1,AMB_001274,2025-10-13
DIREXIS TUSGSAL,1,AMB_001274,2025-10-14
DIREXIS TUSGSAL,1,AMB_001275,2025-10-13
DIREXIS TUSGSAL,1,AMB_001275,2025-10-14
DIREXIS TUSGSAL,1,AMB_001275,2025-10-15
DIREXIS TUSGSAL,1,AMB_001302,2025-10-13
DIREXIS TUSGSAL,1,AMB_001302,2025-10-14
DIREXIS TUSGSAL,1,AMB_001302,2025-10-15
Moventis (Port),1,AMB_001326,2025-10-13
Moventis (Port),1,AMB_001326,2025-10-14
DIREXIS TUSGSAL,1,AMB_001336,2025-10-13
DIREXIS TUSGSAL,1,AMB_001336,2025-10-14
DIREXIS TUSGSAL,1,AMB_001342,2025-10-13
DIREXIS TUSGSAL,1,AMB_001342,2025-10-14
Avanza,1,AMB_001364,2025-10-13
Avanza,1,AMB_001364,2025-10-14
Avanza,1,AMB_001364,2025-10-15
Avanza,1,AMB_001365,2025-10-13
Avanza,1,AMB_001365,2025-10-14
Avanza,1,AMB_001365,2025-10-15
Avanza,1,AMB_001373,2025-10-13
Avanza,1,AMB_001373,2025-10-14
Avanza,1,AMB_001373,2025-10-15
Moventis,1,AMB_001383,2025-10-13
Moventis,1,AMB_001383,2025-10-14
Moventis,1,AMB_001384,2025-10-13
Moventis,1,AMB_001384,2025-10-14
Monbus (Horta),1,AMB_001407,2025-10-13
Monbus (Horta),1,AMB_001407,2025-10-14
Monbus (Horta),1,AMB_001410,2025-10-13
Monbus (Horta),1,AMB_001410,2025-10-14
Avanza,1,AMB_001411,2025-10-15
DIREXIS TUSGSAL,1,AMB_001418,2025-10-13
DIREXIS TUSGSAL,1,AMB_001418,2025-10-14
DIREXIS TUSGSAL,1,AMB_001419,2025-10-13
DIREXIS TUSGSAL,1,AMB_001419,2025-10-14
DIREXIS TUSGSAL,1,AMB_001427,2025-10-13
DIREXIS TUSGSAL,1,AMB_001427,2025-10-14
Avanza,1,AMB_001438,2025-10-13
Avanza,1,AMB_001438,2025-10-14
Avanza,1,AMB_001438,2025-10-15
Avanza,1,AMB_001439,2025-10-13
Avanza,1,AMB_001439,2025-10-14
Avanza,1,AMB_001439,2025-10-15
DIREXIS TUSGSAL,1,AMB_001440,2025-10-13
DIREXIS TUSGSAL,1,AMB_001440,2025-10-14
DIREXIS TUSGSAL,1,AMB_001441,2025-10-13
DIREXIS TUSGSAL,1,AMB_001441,2025-10-14
Avanza,1,AMB_001460,2025-10-13
Avanza,1,AMB_001460,2025-10-14
Avanza,1,AMB_001460,2025-10-15
Avanza,1,AMB_001461,2025-10-13
Avanza,1,AMB_001461,2025-10-14
Avanza,1,AMB_001461,2025-10-15
Moventis,1,AMB_001485,2025-10-13
Moventis,1,AMB_001485,2025-10-14
Moventis,1,AMB_001486,2025-10-13
Moventis,1,AMB_001486,2025-10-14
Monbus (Horta),1,AMB_001522,2025-10-13
Monbus (Horta),1,AMB_001522,2025-10-14
Monbus (Horta),1,AMB_001533,2025-10-13
Monbus (Horta),1,AMB_001533,2025-10-14
Moventis,1,AMB_001553,2025-10-13
Moventis,1,AMB_001553,2025-10-14
DIREXIS TUSGSAL,1,AMB_001594,2025-10-13
DIREXIS TUSGSAL,1,AMB_001594,2025-10-14
Moventis,1,AMB_001613,2025-10-13
Moventis,1,AMB_001613,2025-10-14
DIREXIS TUSGSAL,1,AMB_001616,2025-10-13
DIREXIS TUSGSAL,1,AMB_001616,2025-10-14
DIREXIS TUSGSAL,1,AMB_001616,2025-10-15
Moventis,1,AMB_001652,2025-10-13
Moventis,1,AMB_001652,2025-10-14
Avanza,1,AMB_001653,2025-10-13
Avanza,1,AMB_001653,2025-10-14
Avanza,1,AMB_001653,2025-10-15
Avanza,1,AMB_001654,2025-10-13
Avanza,1,AMB_001654,2025-10-14
Avanza,1,AMB_001654,2025-10-15
Moventis,1,AMB_001658,2025-10-13
Moventis,1,AMB_001658,2025-10-14
DIREXIS TUSGSAL,1,AMB_001666,2025-10-13
DIREXIS TUSGSAL,1,AMB_001666,2025-10-14
DIREXIS TUSGSAL,1,AMB_001666,2025-10-15
Moventis,1,AMB_001691,2025-10-13
Moventis,1,AMB_001691,2025-10-14
DIREXIS TUSGSAL,1,AMB_001699,2025-10-13
DIREXIS TUSGSAL,1,AMB_001699,2025-10-14
DIREXIS TUSGSAL,1,AMB_001699,2025-10-15
DIREXIS TUSGSAL,1,AMB_001710,2025-10-13
DIREXIS TUSGSAL,1,AMB_001710,2025-10-14
Avanza,1,AMB_001713,2025-10-13
Avanza,1,AMB_001713,2025-10-14
Avanza,1,AMB_001713,2025-10-15
Avanza,1,AMB_001725,2025-10-13
Avanza,1,AMB_001725,2025-10-14
Avanza,1,AMB_001725,2025-10-15
Avanza,1,AMB_001726,2025-10-13
Avanza,1,AMB_001726,2025-10-14
Avanza,1,AMB_001726,2025-10-15
Moventis,1,AMB_001739,2025-10-13
Moventis,1,AMB_001739,2025-10-14
DIREXIS TUSGSAL,1,AMB_001744,2025-10-13
DIREXIS TUSGSAL,1,AMB_001744,2025-10-14
DIREXIS TUSGSAL,1,AMB_001744,2025-10-15
Avanza,1,AMB_001755,2025-10-13
Avanza,1,AMB_001755,2025-10-14
Avanza,1,AMB_001755,2025-10-15
Avanza,1,AMB_001756,2025-10-13
Avanza,1,AMB_001756,2025-10-14
Avanza,1,AMB_001756,2025-10-15
Avanza,1,AMB_001766,2025-10-13
Avanza,1,AMB_001766,2025-10-14
Avanza,1,AMB_001766,2025-10-15
Avanza,1,AMB_001767,2025-10-13
Avanza,1,AMB_001767,2025-10-14
Avanza,1,AMB_001767,2025-10-15
Avanza,1,AMB_001768,2025-10-13
Avanza,1,AMB_001768,2025-10-14
Avanza,1,AMB_001768,2025-10-15
DIREXIS TUSGSAL,1,AMB_001773,2025-10-13
DIREXIS TUSGSAL,1,AMB_001773,2025-10-14
DIREXIS TUSGSAL,1,AMB_001774,2025-10-13
DIREXIS TUSGSAL,1,AMB_001774,2025-10-14
Moventis,1,AMB_001789,2025-10-13
Moventis,1,AMB_001789,2025-10-14
Moventis,1,AMB_001902,2025-10-13
Moventis,1,AMB_001902,2025-10-14
Moventis,1,AMB_001919,2025-10-13
Moventis,1,AMB_001919,2025-10-14
Moventis,1,AMB_001922,2025-10-13
Moventis,1,AMB_001922,2025-10-14
DIREXIS TUSGSAL,1,AMB_001948,2025-10-13
DIREXIS TUSGSAL,1,AMB_001948,2025-10-14
DIREXIS TUSGSAL,1,AMB_001948,2025-10-15
Moventis,1,AMB_002137,2025-10-13
Moventis,1,AMB_002137,2025-10-14
Monbus (Horta),1,AMB_002234,2025-10-13
Monbus (Horta),1,AMB_002234,2025-10-14
Monbus (Horta),1,AMB_002235,2025-10-13
Monbus (Horta),1,AMB_002235,2025-10-14
DIREXIS TUSGSAL,1,AMB_002289,2025-10-13
DIREXIS TUSGSAL,1,AMB_002289,2025-10-14
DIREXIS TUSGSAL,1,AMB_002293,2025-10-13
DIREXIS TUSGSAL,1,AMB_002293,2025-10-14
DIREXIS TUSGSAL,1,AMB_002321,2025-10-13
DIREXIS TUSGSAL,1,AMB_002321,2025-10-14
DIREXIS TUSGSAL,1,AMB_002322,2025-10-13
DIREXIS TUSGSAL,1,AMB_002322,2025-10-14
DIREXIS TUSGSAL,1,AMB_002323,2025-10-13
DIREXIS TUSGSAL,1,AMB_002323,2025-10-14
Moventis,1,AMB_002363,2025-10-13
Moventis,1,AMB_002363,2025-10-14
Moventis,1,AMB_002379,2025-10-13
Moventis,1,AMB_002379,2025-10-14
DIREXIS TUSGSAL,1,AMB_002427,2025-10-13
DIREXIS TUSGSAL,1,AMB_002427,2025-10-14
Moventis,1,AMB_002517,2025-10-13
Moventis,1,AMB_002517,2025-10-14
Avanza,1,AMB_002541,2025-10-13
Avanza,1,AMB_002541,2025-10-14
Moventis,1,AMB_002571,2025-10-13
Moventis,1,AMB_002571,2025-10-14
DIREXIS TUSGSAL,1,AMB_002577,2025-10-13
DIREXIS TUSGSAL,1,AMB_002577,2025-10-14
DIREXIS TUSGSAL,1,AMB_002577,2025-10-15
DIREXIS TUSGSAL,1,AMB_002660,2025-10-13
DIREXIS TUSGSAL,1,AMB_002660,2025-10-14
DIREXIS TUSGSAL,1,AMB_002660,2025-10-15
Avanza,1,AMB_002706,2025-10-13
Avanza,1,AMB_002706,2025-10-14
Avanza,1,AMB_002706,2025-10-15
DIREXIS TUSGSAL,1,AMB_002725,2025-10-13
DIREXIS TUSGSAL,1,AMB_002725,2025-10-14
DIREXIS TUSGSAL,1,AMB_002741,2025-10-13
DIREXIS TUSGSAL,1,AMB_002741,2025-10-14
Monbus (Horta),1,AMB_002843,2025-10-13
Monbus (Horta),1,AMB_002843,2025-10-14
Monbus (Horta),1,AMB_002844,2025-10-13
Monbus (Horta),1,AMB_002844,2025-10-14
Monbus (Horta),1,AMB_002845,2025-10-13
Monbus (Horta),1,AMB_002845,2025-10-14
Monbus (Horta),1,AMB_002846,2025-10-13
Monbus (Horta),1,AMB_002846,2025-10-14
Monbus (Horta),1,AMB_002847,2025-10-13
Monbus (Horta),1,AMB_002847,2025-10-14
DIREXIS TUSGSAL,1,AMB_002905,2025-10-13
DIREXIS TUSGSAL,1,AMB_002905,2025-10-14
DIREXIS TUSGSAL,1,AMB_002995,2025-10-13
DIREXIS TUSGSAL,1,AMB_002995,2025-10-14
DIREXIS TUSGSAL,1,AMB_002995,2025-10-15
DIREXIS TUSGSAL,1,AMB_002997,2025-10-13
DIREXIS TUSGSAL,1,AMB_002997,2025-10-14
DIREXIS TUSGSAL,1,AMB_002997,2025-10-15
DIREXIS TUSGSAL,1,AMB_002998,2025-10-13
DIREXIS TUSGSAL,1,AMB_002998,2025-10-14
DIREXIS TUSGSAL,1,AMB_002998,2025-10-15
DIREXIS TUSGSAL,1,AMB_003027,2025-10-13
DIREXIS TUSGSAL,1,AMB_003027,2025-10-14
Avanza,1,AMB_003040,2025-10-13
Avanza,1,AMB_003040,2025-10-14
Avanza,1,AMB_003040,2025-10-15
Avanza,1,AMB_003119,2025-10-13
Avanza,1,AMB_003119,2025-10-14
Avanza,1,AMB_003119,2025-10-15
Avanza,1,AMB_003120,2025-10-13
Avanza,1,AMB_003120,2025-10-14
Avanza,1,AMB_003120,2025-10-15
Avanza,1,AMB_003122,2025-10-13
Avanza,1,AMB_003122,2025-10-14
Avanza,1,AMB_003122,2025-10-15
Avanza,1,AMB_003130,2025-10-13
Avanza,1,AMB_003130,2025-10-14
Avanza,1,AMB_003130,2025-10-15
Avanza,1,AMB_003131,2025-10-13
Avanza,1,AMB_003131,2025-10-14
Avanza,1,AMB_003131,2025-10-15
Moventis,1,AMB_003135,2025-10-13
Moventis,1,AMB_003135,2025-10-14
Moventis,1,AMB_003136,2025-10-13
Moventis,1,AMB_003136,2025-10-14
DIREXIS TUSGSAL,1,AMB_003221,2025-10-13
DIREXIS TUSGSAL,1,AMB_003221,2025-10-14
Avanza,1,AMB_003222,2025-10-13
Avanza,1,AMB_003222,2025-10-14
Avanza,1,AMB_003223,2025-10-13
Avanza,1,AMB_003223,2025-10-14
Avanza,1,AMB_003233,2025-10-13
Avanza,1,AMB_003233,2025-10-14
Avanza,1,AMB_003234,2025-10-13
Avanza,1,AMB_003234,2025-10-14
DIREXIS TUSGSAL,1,AMB_003241,2025-10-13
DIREXIS TUSGSAL,1,AMB_003241,2025-10-14
DIREXIS TUSGSAL,1,AMB_003241,2025-10-15
Avanza,1,AMB_003247,2025-10-13
Avanza,1,AMB_003247,2025-10-14
Avanza,1,AMB_003247,2025-10-15
DIREXIS TUSGSAL,1,AMB_003255,2025-10-13
DIREXIS TUSGSAL,1,AMB_003255,2025-10-14
DIREXIS TUSGSAL,1,AMB_003255,2025-10-15
Moventis,1,AMB_003288,2025-10-13
Moventis,1,AMB_003288,2025-10-14
Moventis,1,AMB_003300,2025-10-13
Moventis,1,AMB_003300,2025-10-14
DIREXIS TUSGSAL,1,AMB_003340,2025-10-13
DIREXIS TUSGSAL,1,AMB_003340,2025-10-14
DIREXIS TUSGSAL,1,AMB_003340,2025-10-15
DIREXIS TUSGSAL,1,AMB_003349,2025-10-13
DIREXIS TUSGSAL,1,AMB_003349,2025-10-14
DIREXIS TUSGSAL,1,AMB_003349,2025-10-15
DIREXIS TUSGSAL,1,AMB_003350,2025-10-13
DIREXIS TUSGSAL,1,AMB_003350,2025-10-14
DIREXIS TUSGSAL,1,AMB_003350,2025-10-15
DIREXIS TUSGSAL,1,AMB_003351,2025-10-13
DIREXIS TUSGSAL,1,AMB_003351,2025-10-14
DIREXIS TUSGSAL,1,AMB_003351,2025-10-15
DIREXIS TUSGSAL,1,AMB_003352,2025-10-13
DIREXIS TUSGSAL,1,AMB_003352,2025-10-14
DIREXIS TUSGSAL,1,AMB_003352,2025-10-15
DIREXIS TUSGSAL,1,AMB_003353,2025-10-13
DIREXIS TUSGSAL,1,AMB_003353,2025-10-14
DIREXIS TUSGSAL,1,AMB_003353,2025-10-15
DIREXIS TUSGSAL,1,AMB_003355,2025-10-13
DIREXIS TUSGSAL,1,AMB_003355,2025-10-14
Moventis,1,AMB_003359,2025-10-13
Moventis,1,AMB_003359,2025-10-14
Moventis,1,AMB_003360,2025-10-13
Moventis,1,AMB_003360,2025-10-14
Moventis,1,AMB_003361,2025-10-13
Moventis,1,AMB_003361,2025-10-14
Moventis,1,AMB_003362,2025-10-13
Moventis,1,AMB_003362,2025-10-14
Moventis,1,AMB_003363,2025-10-13
Moventis,1,AMB_003363,2025-10-14
Moventis,1,AMB_003364,2025-10-13
Moventis,1,AMB_003364,2025-10-14
Moventis,1,AMB_003375,2025-10-13
Moventis,1,AMB_003375,2025-10-14
Moventis,1,AMB_003376,2025-10-13
Moventis,1,AMB_003376,2025-10-14
DIREXIS TUSGSAL,1,AMB_003384,2025-10-13
DIREXIS TUSGSAL,1,AMB_003384,2025-10-14
DIREXIS TUSGSAL,1,AMB_003384,2025-10-15
DIREXIS TUSGSAL,1,AMB_003406,2025-10-13
DIREXIS TUSGSAL,1,AMB_003406,2025-10-14
DIREXIS TUSGSAL,1,AMB_003407,2025-10-13
DIREXIS TUSGSAL,1,AMB_003407,2025-10-14
DIREXIS TUSGSAL,1,AMB_003407,2025-10-15
Moventis,1,AMB_003435,2025-10-13
Moventis,1,AMB_003435,2025-10-14
Moventis,1,AMB_003441,2025-10-13
Moventis,1,AMB_003441,2025-10-14
Moventis,1,AMB_003461,2025-10-13
Moventis,1,AMB_003461,2025-10-14
Moventis,1,AMB_003463,2025-10-13
Moventis,1,AMB_003463,2025-10-14
Avanza,1,AMB_003473,2025-10-13
Avanza,1,AMB_003473,2025-10-14
Avanza,1,AMB_003473,2025-10-15
DIREXIS TUSGSAL,1,AMB_003476,2025-10-13
DIREXIS TUSGSAL,1,AMB_003476,2025-10-14
Moventis,1,AMB_003485,2025-10-13
Moventis,1,AMB_003485,2025-10-14
Moventis,1,AMB_003486,2025-10-13
Moventis,1,AMB_003486,2025-10-14
Moventis,1,AMB_003487,2025-10-13
Moventis,1,AMB_003487,2025-10-14
Moventis,1,AMB_003488,2025-10-13
Moventis,1,AMB_003488,2025-10-14
Moventis,1,AMB_003489,2025-10-13
Moventis,1,AMB_003489,2025-10-14
Moventis,1,AMB_003490,2025-10-13
Moventis,1,AMB_003490,2025-10-14
Moventis,1,AMB_003494,2025-10-13
Moventis,1,AMB_003494,2025-10-14
Moventis,1,AMB_003495,2025-10-13
Moventis,1,AMB_003495,2025-10-14
Moventis,1,AMB_003496,2025-10-13
Moventis,1,AMB_003496,2025-10-14
Moventis,1,AMB_003497,2025-10-13
Moventis,1,AMB_003497,2025-10-14
Moventis,1,AMB_003503,2025-10-13
Moventis,1,AMB_003503,2025-10-14
DIREXIS TUSGSAL,1,AMB_003550,2025-10-13
DIREXIS TUSGSAL,1,AMB_003550,2025-10-14
DIREXIS TUSGSAL,1,AMB_003550,2025-10-15
DIREXIS TUSGSAL,1,AMB_003551,2025-10-13
DIREXIS TUSGSAL,1,AMB_003551,2025-10-14
DIREXIS TUSGSAL,1,AMB_003551,2025-10-15
DIREXIS TUSGSAL,1,AMB_003562,2025-10-13
DIREXIS TUSGSAL,1,AMB_003562,2025-10-14
DIREXIS TUSGSAL,1,AMB_003562,2025-10-15
DIREXIS TUSGSAL,1,AMB_003565,2025-10-13
DIREXIS TUSGSAL,1,AMB_003565,2025-10-14
DIREXIS TUSGSAL,1,AMB_003565,2025-10-15
DIREXIS TUSGSAL,1,AMB_003571,2025-10-13
DIREXIS TUSGSAL,1,AMB_003571,2025-10-14
DIREXIS TUSGSAL,1,AMB_003572,2025-10-13
DIREXIS TUSGSAL,1,AMB_003572,2025-10-14
DIREXIS TUSGSAL,1,AMB_003641,2025-10-13
DIREXIS TUSGSAL,1,AMB_003641,2025-10-14
DIREXIS TUSGSAL,1,AMB_003641,2025-10-15
DIREXIS TUSGSAL,1,AMB_003676,2025-10-13
DIREXIS TUSGSAL,1,AMB_003676,2025-10-14
DIREXIS TUSGSAL,1,AMB_003677,2025-10-13
DIREXIS TUSGSAL,1,AMB_003677,2025-10-14
DIREXIS TUSGSAL,1,AMB_003678,2025-10-13
DIREXIS TUSGSAL,1,AMB_003678,2025-10-14
DIREXIS TUSGSAL,1,AMB_003679,2025-10-13
DIREXIS TUSGSAL,1,AMB_003679,2025-10-14
DIREXIS TUSGSAL,1,AMB_003680,2025-10-13
DIREXIS TUSGSAL,1,AMB_003680,2025-10-14
DIREXIS TUSGSAL,1,AMB_003681,2025-10-13
DIREXIS TUSGSAL,1,AMB_003681,2025-10-14
DIREXIS TUSGSAL,1,AMB_003682,2025-10-13
DIREXIS TUSGSAL,1,AMB_003682,2025-10-14
DIREXIS TUSGSAL,1,AMB_003683,2025-10-13
DIREXIS TUSGSAL,1,AMB_003683,2025-10-14
DIREXIS TUSGSAL,1,AMB_003684,2025-10-13
DIREXIS TUSGSAL,1,AMB_003684,2025-10-14
DIREXIS TUSGSAL,1,AMB_003685,2025-10-13
DIREXIS TUSGSAL,1,AMB_003685,2025-10-14
Moventis,1,AMB_003686,2025-10-13
Moventis,1,AMB_003686,2025-10-14
Moventis,1,AMB_003687,2025-10-13
Moventis,1,AMB_003687,2025-10-14
DIREXIS TUSGSAL,1,AMB_003688,2025-10-13
DIREXIS TUSGSAL,1,AMB_003688,2025-10-14
DIREXIS TUSGSAL,1,AMB_003688,2025-10-15
DIREXIS TUSGSAL,1,AMB_003689,2025-10-13
DIREXIS TUSGSAL,1,AMB_003689,2025-10-14
DIREXIS TUSGSAL,1,AMB_003689,2025-10-15
Moventis,1,AMB_003702,2025-10-13
Moventis,1,AMB_003702,2025-10-14
Moventis,1,AMB_003703,2025-10-13
Moventis,1,AMB_003703,2025-10-14
Moventis,1,AMB_003714,2025-10-13
Moventis,1,AMB_003714,2025-10-14
Moventis,1,AMB_003715,2025-10-13
Moventis,1,AMB_003715,2025-10-14
Moventis,1,AMB_003716,2025-10-13
Moventis,1,AMB_003716,2025-10-14
Moventis,1,AMB_003717,2025-10-13
Moventis,1,AMB_003717,2025-10-14
DIREXIS TUSGSAL,1,AMB_003804,2025-10-13
DIREXIS TUSGSAL,1,AMB_003804,2025-10-14
Moventis,1,AMB_008285,2025-10-13
Moventis,1,AMB_008285,2025-10-14
Monbus (Horta),1,AMB_009942,2025-10-13
Monbus (Horta),1,AMB_009942,2025-10-14
Moventis,1,AMB_100005,2025-10-13
Moventis,1,AMB_100005,2025-10-14
Avanza,1,AMB_100043,2025-10-13
Avanza,1,AMB_100043,2025-10-14
Avanza,1,AMB_100043,2025-10-15
Moventis,1,AMB_100118,2025-10-13
Moventis,1,AMB_100118,2025-10-14
Moventis,1,AMB_100121,2025-10-13
Moventis,1,AMB_100121,2025-10-14
DIREXIS TUSGSAL,1,AMB_100131,2025-10-13
DIREXIS TUSGSAL,1,AMB_100131,2025-10-14
DIREXIS TUSGSAL,1,AMB_100131,2025-10-15
DIREXIS TUSGSAL,1,AMB_100269,2025-10-13
DIREXIS TUSGSAL,1,AMB_100269,2025-10-14
DIREXIS TUSGSAL,1,AMB_100269,2025-10-15
Moventis,1,AMB_100292,2025-10-13
Moventis,1,AMB_100292,2025-10-14
Moventis,1,AMB_100294,2025-10-13
Moventis,1,AMB_100294,2025-10-14
Avanza,1,AMB_100330,2025-10-13
Avanza,1,AMB_100330,2025-10-14
Avanza,1,AMB_100331,2025-10-13
Avanza,1,AMB_100331,2025-10-14
Avanza,1,AMB_100333,2025-10-13
Avanza,1,AMB_100333,2025-10-14
Avanza,1,AMB_100334,2025-10-13
Avanza,1,AMB_100334,2025-10-14
Avanza,1,AMB_100335,2025-10-13
Avanza,1,AMB_100335,2025-10-14
Avanza,1,AMB_100339,2025-10-13
Avanza,1,AMB_100339,2025-10-14
Avanza,1,AMB_100340,2025-10-13
Avanza,1,AMB_100340,2025-10-14
Avanza,1,AMB_100341,2025-10-13
Avanza,1,AMB_100341,2025-10-14
Avanza,1,AMB_100356,2025-10-13
Avanza,1,AMB_100356,2025-10-14
Avanza,1,AMB_100356,2025-10-15
Avanza,1,AMB_100358,2025-10-13
Avanza,1,AMB_100358,2025-10-14
Avanza,1,AMB_100358,2025-10-15
Avanza,1,AMB_100401,2025-10-13
Avanza,1,AMB_100401,2025-10-14
Avanza,1,AMB_100401,2025-10-15
Avanza,1,AMB_100416,2025-10-13
Avanza,1,AMB_100416,2025-10-14
Avanza,1,AMB_100420,2025-10-13
Avanza,1,AMB_100420,2025-10-14
Avanza,1,AMB_100421,2025-10-13
Avanza,1,AMB_100421,2025-10-14
Avanza,1,AMB_100423,2025-10-13
Avanza,1,AMB_100423,2025-10-14
Avanza,1,AMB_100425,2025-10-13
Avanza,1,AMB_100425,2025-10-14
Avanza,1,AMB_100502,2025-10-13
Avanza,1,AMB_100502,2025-10-14
Avanza,1,AMB_100502,2025-10-15
Avanza,1,AMB_100516,2025-10-13
Avanza,1,AMB_100516,2025-10-14
Avanza,1,AMB_100521,2025-10-13
Avanza,1,AMB_100521,2025-10-14
Avanza,1,AMB_100522,2025-10-13
Avanza,1,AMB_100522,2025-10-14
DIREXIS TUSGSAL,1,AMB_100549,2025-10-13
DIREXIS TUSGSAL,1,AMB_100549,2025-10-14
DIREXIS TUSGSAL,1,AMB_100549,2025-10-15
Avanza,1,AMB_100556,2025-10-13
Avanza,1,AMB_100556,2025-10-14
Avanza,1,AMB_100558,2025-10-13
Avanza,1,AMB_100558,2025-10-14
DIREXIS TUSGSAL,1,AMB_100560,2025-10-13
DIREXIS TUSGSAL,1,AMB_100560,2025-10-14
Avanza,1,AMB_100562,2025-10-13
Avanza,1,AMB_100562,2025-10-14
Avanza,1,AMB_100565,2025-10-13
Avanza,1,AMB_100565,2025-10-14
Avanza,1,AMB_100567,2025-10-13
Avanza,1,AMB_100567,2025-10-14
Avanza,1,AMB_100574,2025-10-13
Avanza,1,AMB_100574,2025-10-14
Avanza,1,AMB_100574,2025-10-15
Moventis,1,AMB_100687,2025-10-13
Moventis,1,AMB_100687,2025-10-14
Moventis,1,AMB_100688,2025-10-13
Moventis,1,AMB_100688,2025-10-14
DIREXIS TUSGSAL,1,AMB_100693,2025-10-13
DIREXIS TUSGSAL,1,AMB_100693,2025-10-14
Moventis,1,AMB_100712,2025-10-13
Moventis,1,AMB_100712,2025-10-14
Moventis,1,AMB_100716,2025-10-13
Moventis,1,AMB_100716,2025-10-14
Moventis,1,AMB_100756,2025-10-13
Moventis,1,AMB_100756,2025-10-14
DIREXIS TUSGSAL,1,AMB_100786,2025-10-13
DIREXIS TUSGSAL,1,AMB_100786,2025-10-14
DIREXIS TUSGSAL,1,AMB_100786,2025-10-15
DIREXIS TUSGSAL,1,AMB_100787,2025-10-13
DIREXIS TUSGSAL,1,AMB_100787,2025-10-14
DIREXIS TUSGSAL,1,AMB_100787,2025-10-15
DIREXIS TUSGSAL,1,AMB_100793,2025-10-13
DIREXIS TUSGSAL,1,AMB_100793,2025-10-14
DIREXIS TUSGSAL,1,AMB_100795,2025-10-13
DIREXIS TUSGSAL,1,AMB_100795,2025-10-14
DIREXIS TUSGSAL,1,AMB_100797,2025-10-13
DIREXIS TUSGSAL,1,AMB_100797,2025-10-14
DIREXIS TUSGSAL,1,AMB_100800,2025-10-13
DIREXIS TUSGSAL,1,AMB_100800,2025-10-14
Avanza,1,AMB_100866,2025-10-13
Avanza,1,AMB_100866,2025-10-14
Avanza,1,AMB_100866,2025-10-15
Avanza,1,AMB_101008,2025-10-13
Avanza,1,AMB_101008,2025-10-14
DIREXIS TUSGSAL,1,AMB_101009,2025-10-13
DIREXIS TUSGSAL,1,AMB_101009,2025-10-14
DIREXIS TUSGSAL,1,AMB_101009,2025-10-15
DIREXIS TUSGSAL,1,AMB_101010,2025-10-13
DIREXIS TUSGSAL,1,AMB_101010,2025-10-14
DIREXIS TUSGSAL,1,AMB_101010,2025-10-15
DIREXIS TUSGSAL,1,AMB_101011,2025-10-13
DIREXIS TUSGSAL,1,AMB_101011,2025-10-14
DIREXIS TUSGSAL,1,AMB_101011,2025-10-15
DIREXIS TUSGSAL,1,AMB_101015,2025-10-13
DIREXIS TUSGSAL,1,AMB_101015,2025-10-14
DIREXIS TUSGSAL,1,AMB_101015,2025-10-15
DIREXIS TUSGSAL,1,AMB_101019,2025-10-13
DIREXIS TUSGSAL,1,AMB_101019,2025-10-14
DIREXIS TUSGSAL,1,AMB_101019,2025-10-15
DIREXIS TUSGSAL,1,AMB_101020,2025-10-13
DIREXIS TUSGSAL,1,AMB_101020,2025-10-14
DIREXIS TUSGSAL,1,AMB_101020,2025-10-15
DIREXIS TUSGSAL,1,AMB_101026,2025-10-13
DIREXIS TUSGSAL,1,AMB_101026,2025-10-14
DIREXIS TUSGSAL,1,AMB_101026,2025-10-15
DIREXIS TUSGSAL,1,AMB_101029,2025-10-13
DIREXIS TUSGSAL,1,AMB_101029,2025-10-14
DIREXIS TUSGSAL,1,AMB_101029,2025-10-15
DIREXIS TUSGSAL,1,AMB_101055,2025-10-13
DIREXIS TUSGSAL,1,AMB_101055,2025-10-14
DIREXIS TUSGSAL,1,AMB_101056,2025-10-13
DIREXIS TUSGSAL,1,AMB_101056,2025-10-14
Moventis,1,AMB_101112,2025-10-13
Moventis,1,AMB_101112,2025-10-14
Avanza,1,AMB_101128,2025-10-13
Avanza,1,AMB_101128,2025-10-14
Avanza,1,AMB_101128,2025-10-15
Avanza,1,AMB_101129,2025-10-13
Avanza,1,AMB_101129,2025-10-14
Avanza,1,AMB_101129,2025-10-15
DIREXIS TUSGSAL,1,AMB_101130,2025-10-13
DIREXIS TUSGSAL,1,AMB_101130,2025-10-14
DIREXIS TUSGSAL,1,AMB_101130,2025-10-15
DIREXIS TUSGSAL,1,AMB_101131,2025-10-13
DIREXIS TUSGSAL,1,AMB_101131,2025-10-14
DIREXIS TUSGSAL,1,AMB_101131,2025-10-15
DIREXIS TUSGSAL,1,AMB_101151,2025-10-13
DIREXIS TUSGSAL,1,AMB_101151,2025-10-14
DIREXIS TUSGSAL,1,AMB_101191,2025-10-13
DIREXIS TUSGSAL,1,AMB_101191,2025-10-14
DIREXIS TUSGSAL,1,AMB_101191,2025-10-15
DIREXIS TUSGSAL,1,AMB_101194,2025-10-13
DIREXIS TUSGSAL,1,AMB_101194,2025-10-14
DIREXIS TUSGSAL,1,AMB_101194,2025-10-15
DIREXIS TUSGSAL,1,AMB_101195,2025-10-13
DIREXIS TUSGSAL,1,AMB_101195,2025-10-14
DIREXIS TUSGSAL,1,AMB_101195,2025-10-15
DIREXIS TUSGSAL,1,AMB_101196,2025-10-13
DIREXIS TUSGSAL,1,AMB_101196,2025-10-14
DIREXIS TUSGSAL,1,AMB_101196,2025-10-15
DIREXIS TUSGSAL,1,AMB_101276,2025-10-13
DIREXIS TUSGSAL,1,AMB_101276,2025-10-14
DIREXIS TUSGSAL,1,AMB_101276,2025-10-15
DIREXIS TUSGSAL,1,AMB_101277,2025-10-13
DIREXIS TUSGSAL,1,AMB_101277,2025-10-14
DIREXIS TUSGSAL,1,AMB_101277,2025-10-15
DIREXIS TUSGSAL,1,AMB_101278,2025-10-13
DIREXIS TUSGSAL,1,AMB_101278,2025-10-14
DIREXIS TUSGSAL,1,AMB_101278,2025-10-15
Avanza,1,AMB_101322,2025-10-13
Avanza,1,AMB_101322,2025-10-14
Moventis,1,AMB_101334,2025-10-13
Moventis,1,AMB_101334,2025-10-14
Monbus (Horta),1,AMB_101341,2025-10-13
Monbus (Horta),1,AMB_101341,2025-10-14
DIREXIS TUSGSAL,1,AMB_101493,2025-10-13
DIREXIS TUSGSAL,1,AMB_101493,2025-10-14
Avanza,1,AMB_101654,2025-10-13
Avanza,1,AMB_101654,2025-10-14
Avanza,1,AMB_101654,2025-10-15
Avanza,1,AMB_101656,2025-10-13
Avanza,1,AMB_101656,2025-10-14
Avanza,1,AMB_101658,2025-10-13
Avanza,1,AMB_101658,2025-10-14
Avanza,1,AMB_101660,2025-10-13
Avanza,1,AMB_101660,2025-10-14
Avanza,1,AMB_101660,2025-10-15
Avanza,1,AMB_101661,2025-10-13
Avanza,1,AMB_101661,2025-10-14
Avanza,1,AMB_101661,2025-10-15
Avanza,1,AMB_101662,2025-10-13
Avanza,1,AMB_101662,2025-10-14
Avanza,1,AMB_101662,2025-10-15
Avanza,1,AMB_101664,2025-10-13
Avanza,1,AMB_101664,2025-10-14
Avanza,1,AMB_101664,2025-10-15
Avanza,1,AMB_101665,2025-10-13
Avanza,1,AMB_101665,2025-10-14
Avanza,1,AMB_101665,2025-10-15
Avanza,1,AMB_101666,2025-10-13
Avanza,1,AMB_101666,2025-10-14
Avanza,1,AMB_101666,2025-10-15
Avanza,1,AMB_101669,2025-10-13
Avanza,1,AMB_101669,2025-10-14
Avanza,1,AMB_101669,2025-10-15
Avanza,1,AMB_101670,2025-10-13
Avanza,1,AMB_101670,2025-10-14
Avanza,1,AMB_101670,2025-10-15
Avanza,1,AMB_101671,2025-10-13
Avanza,1,AMB_101671,2025-10-14
Avanza,1,AMB_101671,2025-10-15
Avanza,1,AMB_101675,2025-10-13
Avanza,1,AMB_101675,2025-10-14
Avanza,1,AMB_101675,2025-10-15
Avanza,1,AMB_101676,2025-10-13
Avanza,1,AMB_101676,2025-10-14
Avanza,1,AMB_101676,2025-10-15
Avanza,1,AMB_101677,2025-10-13
Avanza,1,AMB_101677,2025-10-14
Avanza,1,AMB_101677,2025-10-15
DIREXIS TUSGSAL,1,AMB_101681,2025-10-13
DIREXIS TUSGSAL,1,AMB_101681,2025-10-14
DIREXIS TUSGSAL,1,AMB_101681,2025-10-15
DIREXIS TUSGSAL,1,AMB_101683,2025-10-13
DIREXIS TUSGSAL,1,AMB_101683,2025-10-14
DIREXIS TUSGSAL,1,AMB_101683,2025-10-15
DIREXIS TUSGSAL,1,AMB_101685,2025-10-13
DIREXIS TUSGSAL,1,AMB_101685,2025-10-14
DIREXIS TUSGSAL,1,AMB_101685,2025-10-15
DIREXIS TUSGSAL,1,AMB_101733,2025-10-13
DIREXIS TUSGSAL,1,AMB_101733,2025-10-14
DIREXIS TUSGSAL,1,AMB_101733,2025-10-15
DIREXIS TUSGSAL,1,AMB_101735,2025-10-13
DIREXIS TUSGSAL,1,AMB_101735,2025-10-14
DIREXIS TUSGSAL,1,AMB_101735,2025-10-15
DIREXIS TUSGSAL,1,AMB_101736,2025-10-13
DIREXIS TUSGSAL,1,AMB_101736,2025-10-14
DIREXIS TUSGSAL,1,AMB_101736,2025-10-15
Avanza,1,AMB_101760,2025-10-13
Avanza,1,AMB_101760,2025-10-14
Avanza,1,AMB_101760,2025-10-15
Avanza,1,AMB_101767,2025-10-13
Avanza,1,AMB_101767,2025-10-14
Avanza,1,AMB_101767,2025-10-15
Avanza,1,AMB_101770,2025-10-13
Avanza,1,AMB_101770,2025-10-14
Avanza,1,AMB_101770,2025-10-15
Avanza,1,AMB_101772,2025-10-13
Avanza,1,AMB_101772,2025-10-14
DIREXIS TUSGSAL,1,AMB_101775,2025-10-13
DIREXIS TUSGSAL,1,AMB_101775,2025-10-14
DIREXIS TUSGSAL,1,AMB_101775,2025-10-15
DIREXIS TUSGSAL,1,AMB_101776,2025-10-14
DIREXIS TUSGSAL,1,AMB_101776,2025-10-15
Avanza,1,AMB_101851,2025-10-13
Avanza,1,AMB_101851,2025-10-14
Avanza,1,AMB_101851,2025-10-15
Moventis,1,AMB_101888,2025-10-13
Moventis,1,AMB_101888,2025-10-14
Avanza,1,AMB_102040,2025-10-13
Avanza,1,AMB_102040,2025-10-14
Avanza,1,AMB_102040,2025-10-15
DIREXIS TUSGSAL,1,AMB_102045,2025-10-13
DIREXIS TUSGSAL,1,AMB_102045,2025-10-14
Moventis,1,AMB_102132,2025-10-13
Moventis,1,AMB_102132,2025-10-14
Moventis,1,AMB_102133,2025-10-13
Moventis,1,AMB_102133,2025-10-14
Moventis,1,AMB_102163,2025-10-13
Moventis,1,AMB_102163,2025-10-14
Moventis,1,AMB_102177,2025-10-13
Moventis,1,AMB_102177,2025-10-14
Moventis,1,AMB_102200,2025-10-13
Moventis,1,AMB_102200,2025-10-14
Monbus (Horta),1,AMB_102226,2025-10-13
Monbus (Horta),1,AMB_102226,2025-10-14
Monbus (Horta),1,AMB_102227,2025-10-13
Monbus (Horta),1,AMB_102227,2025-10-14
Monbus (Horta),1,AMB_102228,2025-10-13
Monbus (Horta),1,AMB_102228,2025-10-14
Moventis,1,AMB_102249,2025-10-13
Moventis,1,AMB_102249,2025-10-14
DIREXIS TUSGSAL,1,AMB_102251,2025-10-13
DIREXIS TUSGSAL,1,AMB_102251,2025-10-14
DIREXIS TUSGSAL,1,AMB_102276,2025-10-13
DIREXIS TUSGSAL,1,AMB_102276,2025-10-14
DIREXIS TUSGSAL,1,AMB_102276,2025-10-15
Moventis,1,AMB_102339,2025-10-13
Moventis,1,AMB_102339,2025-10-14
DIREXIS TUSGSAL,1,AMB_102470,2025-10-13
DIREXIS TUSGSAL,1,AMB_102470,2025-10-14
DIREXIS TUSGSAL,1,AMB_102470,2025-10-15
DIREXIS TUSGSAL,1,AMB_102524,2025-10-13
DIREXIS TUSGSAL,1,AMB_102524,2025-10-14
DIREXIS TUSGSAL,1,AMB_102526,2025-10-13
DIREXIS TUSGSAL,1,AMB_102526,2025-10-14
DIREXIS TUSGSAL,1,AMB_102577,2025-10-13
DIREXIS TUSGSAL,1,AMB_102577,2025-10-14
DIREXIS TUSGSAL,1,AMB_102577,2025-10-15
Moventis,1,AMB_102601,2025-10-13
Moventis,1,AMB_102601,2025-10-14
Monbus (Horta),1,AMB_102722,2025-10-13
Monbus (Horta),1,AMB_102722,2025-10-14
Monbus (Horta),1,AMB_102723,2025-10-13
Monbus (Horta),1,AMB_102723,2025-10-14
DIREXIS TUSGSAL,1,AMB_102819,2025-10-13
DIREXIS TUSGSAL,1,AMB_102819,2025-10-14
Monbus (Horta),1,AMB_102823,2025-10-13
Monbus (Horta),1,AMB_102823,2025-10-14
Monbus (Horta),1,AMB_102824,2025-10-13
Monbus (Horta),1,AMB_102824,2025-10-14
Monbus (Horta),1,AMB_102825,2025-10-13
Monbus (Horta),1,AMB_102825,2025-10-14
Avanza,1,AMB_102847,2025-10-13
Avanza,1,AMB_102847,2025-10-14
Avanza,1,AMB_102847,2025-10-15
Moventis,1,AMB_102915,2025-10-13
Moventis,1,AMB_102915,2025-10-14
Monbus (Horta),1,AMB_102952,2025-10-13
Monbus (Horta),1,AMB_102952,2025-10-14
Monbus (Horta),1,AMB_102953,2025-10-13
Monbus (Horta),1,AMB_102953,2025-10-14
Monbus (Horta),1,AMB_102954,2025-10-13
Monbus (Horta),1,AMB_102954,2025-10-14
Monbus (Horta),1,AMB_102955,2025-10-13
Monbus (Horta),1,AMB_102955,2025-10-14
DIREXIS TUSGSAL,1,AMB_103132,2025-10-13
DIREXIS TUSGSAL,1,AMB_103132,2025-10-14
DIREXIS TUSGSAL,1,AMB_103132,2025-10-15
DIREXIS TUSGSAL,1,AMB_103134,2025-10-13
DIREXIS TUSGSAL,1,AMB_103134,2025-10-14
DIREXIS TUSGSAL,1,AMB_103134,2025-10-15
DIREXIS TUSGSAL,1,AMB_103228,2025-10-13
DIREXIS TUSGSAL,1,AMB_103228,2025-10-14
Avanza,1,AMB_103590,2025-10-13
Avanza,1,AMB_103590,2025-10-14
Avanza,1,AMB_103590,2025-10-15
Avanza,1,AMB_103632,2025-10-13
Avanza,1,AMB_103632,2025-10-14
Avanza,1,AMB_103632,2025-10-15
DIREXIS TUSGSAL,1,AMB_103859,2025-10-13
DIREXIS TUSGSAL,1,AMB_103859,2025-10-14
DIREXIS TUSGSAL,1,AMB_103863,2025-10-13
DIREXIS TUSGSAL,1,AMB_103863,2025-10-14
Avanza,1,AMB_103930,2025-10-13
Avanza,1,AMB_103930,2025-10-14
Avanza,1,AMB_103930,2025-10-15
Avanza,1,AMB_103931,2025-10-13
Avanza,1,AMB_103931,2025-10-14
Avanza,1,AMB_103931,2025-10-15
Avanza,1,AMB_103933,2025-10-13
Avanza,1,AMB_103933,2025-10-14
Avanza,1,AMB_103933,2025-10-15
Moventis,1,AMB_104157,2025-10-13
Moventis,1,AMB_104157,2025-10-14
Moventis,1,AMB_104158,2025-10-13
Moventis,1,AMB_104158,2025-10-14
Moventis,1,AMB_104159,2025-10-13
Moventis,1,AMB_104159,2025-10-14
Moventis,1,AMB_104196,2025-10-13
Moventis,1,AMB_104196,2025-10-14
Moventis,1,AMB_104228,2025-10-13
Moventis,1,AMB_104228,2025-10-14
Moventis,1,AMB_104244,2025-10-13
Moventis,1,AMB_104244,2025-10-14
Moventis,1,AMB_104245,2025-10-13
Moventis,1,AMB_104245,2025-10-14
Moventis,1,AMB_104249,2025-10-13
Moventis,1,AMB_104249,2025-10-14
DIREXIS TUSGSAL,1,AMB_104263,2025-10-13
DIREXIS TUSGSAL,1,AMB_104263,2025-10-14
Monbus (Horta),1,AMB_104298,2025-10-13
Monbus (Horta),1,AMB_104298,2025-10-14
DIREXIS TUSGSAL,1,AMB_104330,2025-10-13
DIREXIS TUSGSAL,1,AMB_104330,2025-10-14
Moventis,1,AMB_104435,2025-10-13
Moventis,1,AMB_104435,2025-10-14
Monbus (Horta),1,AMB_104540,2025-10-13
Monbus (Horta),1,AMB_104540,2025-10-14
Moventis,1,AMB_104721,2025-10-13
Moventis,1,AMB_104721,2025-10-14
Avanza,1,AMB_104747,2025-10-13
Avanza,1,AMB_104747,2025-10-14
Avanza,1,AMB_104761,2025-10-13
Avanza,1,AMB_104761,2025-10-14
Avanza,1,AMB_104761,2025-10-15
Avanza,1,AMB_104769,2025-10-13
Avanza,1,AMB_104769,2025-10-14
Avanza,1,AMB_104769,2025-10-15
Avanza,1,AMB_104770,2025-10-13
Avanza,1,AMB_104770,2025-10-14
Avanza,1,AMB_104770,2025-10-15
Avanza,1,AMB_104771,2025-10-13
Avanza,1,AMB_104771,2025-10-14
Avanza,1,AMB_104771,2025-10-15
Moventis,1,AMB_105108,2025-10-13
Moventis,1,AMB_105108,2025-10-14
Avanza,1,AMB_105158,2025-10-13
Avanza,1,AMB_105158,2025-10-14
Avanza,1,AMB_105158,2025-10-15
Avanza,1,AMB_105349,2025-10-13
Avanza,1,AMB_105349,2025-10-14
DIREXIS TUSGSAL,1,AMB_105358,2025-10-13
DIREXIS TUSGSAL,1,AMB_105358,2025-10-14
DIREXIS TUSGSAL,1,AMB_105358,2025-10-15
DIREXIS TUSGSAL,1,AMB_105359,2025-10-13
DIREXIS TUSGSAL,1,AMB_105359,2025-10-14
DIREXIS TUSGSAL,1,AMB_105359,2025-10-15
DIREXIS TUSGSAL,1,AMB_105360,2025-10-13
DIREXIS TUSGSAL,1,AMB_105360,2025-10-14
DIREXIS TUSGSAL,1,AMB_105360,2025-10-15
DIREXIS TUSGSAL,1,AMB_105387,2025-10-13
DIREXIS TUSGSAL,1,AMB_105387,2025-10-14
DIREXIS TUSGSAL,1,AMB_105387,2025-10-15
DIREXIS TUSGSAL,1,AMB_105388,2025-10-13
DIREXIS TUSGSAL,1,AMB_105388,2025-10-14
DIREXIS TUSGSAL,1,AMB_105388,2025-10-15
Moventis,1,AMB_105425,2025-10-13
Avanza,1,AMB_105470,2025-10-13
Avanza,1,AMB_105470,2025-10-14
Avanza,1,AMB_105470,2025-10-15
DIREXIS TUSGSAL,1,AMB_105494,2025-10-13
DIREXIS TUSGSAL,1,AMB_105494,2025-10-14
DIREXIS TUSGSAL,1,AMB_105495,2025-10-13
DIREXIS TUSGSAL,1,AMB_105495,2025-10-14
DIREXIS TUSGSAL,1,AMB_105498,2025-10-13
DIREXIS TUSGSAL,1,AMB_105498,2025-10-14
DIREXIS TUSGSAL,1,AMB_105499,2025-10-13
DIREXIS TUSGSAL,1,AMB_105499,2025-10-14
DIREXIS TUSGSAL,1,AMB_105504,2025-10-13
DIREXIS TUSGSAL,1,AMB_105504,2025-10-14
DIREXIS TUSGSAL,1,AMB_105505,2025-10-13
DIREXIS TUSGSAL,1,AMB_105505,2025-10-14
DIREXIS TUSGSAL,1,AMB_105544,2025-10-13
DIREXIS TUSGSAL,1,AMB_105544,2025-10-14
DIREXIS TUSGSAL,1,AMB_105544,2025-10-15
DIREXIS TUSGSAL,1,AMB_105546,2025-10-13
DIREXIS TUSGSAL,1,AMB_105546,2025-10-14
DIREXIS TUSGSAL,1,AMB_105546,2025-10-15
DIREXIS TUSGSAL,1,AMB_105555,2025-10-13
DIREXIS TUSGSAL,1,AMB_105555,2025-10-14
DIREXIS TUSGSAL,1,AMB_105555,2025-10-15
Avanza,1,AMB_105624,2025-10-13
Avanza,1,AMB_105624,2025-10-14
Moventis,1,AMB_105628,2025-10-13
Moventis,1,AMB_105628,2025-10-14
Avanza,1,AMB_105701,2025-10-13
Avanza,1,AMB_105701,2025-10-14
Avanza,1,AMB_105701,2025-10-15
Avanza,1,AMB_105703,2025-10-13
Avanza,1,AMB_105703,2025-10-14
Avanza,1,AMB_105703,2025-10-15
Avanza,1,AMB_105704,2025-10-13
Avanza,1,AMB_105704,2025-10-14
Avanza,1,AMB_105704,2025-10-15
Avanza,1,AMB_105705,2025-10-13
Avanza,1,AMB_105705,2025-10-14
Avanza,1,AMB_105736,2025-10-13
Avanza,1,AMB_105736,2025-10-14
Avanza,1,AMB_105736,2025-10-15
DIREXIS TUSGSAL,1,AMB_105818,2025-10-13
DIREXIS TUSGSAL,1,AMB_105818,2025-10-14
DIREXIS TUSGSAL,1,AMB_105818,2025-10-15
DIREXIS TUSGSAL,1,AMB_105819,2025-10-13
DIREXIS TUSGSAL,1,AMB_105819,2025-10-14
DIREXIS TUSGSAL,1,AMB_105820,2025-10-13
DIREXIS TUSGSAL,1,AMB_105820,2025-10-14
DIREXIS TUSGSAL,1,AMB_105821,2025-10-13
DIREXIS TUSGSAL,1,AMB_105821,2025-10-14
DIREXIS TUSGSAL,1,AMB_105822,2025-10-13
DIREXIS TUSGSAL,1,AMB_105822,2025-10-14
DIREXIS TUSGSAL,1,AMB_105922,2025-10-13
DIREXIS TUSGSAL,1,AMB_105922,2025-10-14
DIREXIS TUSGSAL,1,AMB_105924,2025-10-13
DIREXIS TUSGSAL,1,AMB_105924,2025-10-14
DIREXIS TUSGSAL,1,AMB_105924,2025-10-15
DIREXIS TUSGSAL,1,AMB_105925,2025-10-14
DIREXIS TUSGSAL,1,AMB_105925,2025-10-15
DIREXIS TUSGSAL,1,AMB_105931,2025-10-13
DIREXIS TUSGSAL,1,AMB_105931,2025-10-14
DIREXIS TUSGSAL,1,AMB_105947,2025-10-13
DIREXIS TUSGSAL,1,AMB_105947,2025-10-14
DIREXIS TUSGSAL,1,AMB_105984,2025-10-13
DIREXIS TUSGSAL,1,AMB_105984,2025-10-14
DIREXIS TUSGSAL,1,AMB_105985,2025-10-13
DIREXIS TUSGSAL,1,AMB_105985,2025-10-14
DIREXIS TUSGSAL,1,AMB_105994,2025-10-13
DIREXIS TUSGSAL,1,AMB_105994,2025-10-14
Avanza,1,AMB_106070,2025-10-13
Avanza,1,AMB_106070,2025-10-14
Avanza,1,AMB_106070,2025-10-15
DIREXIS TUSGSAL,1,AMB_106157,2025-10-13
DIREXIS TUSGSAL,1,AMB_106157,2025-10-14
DIREXIS TUSGSAL,1,AMB_106157,2025-10-15
Monbus (Horta),1,AMB_106167,2025-10-13
Monbus (Horta),1,AMB_106167,2025-10-14
Avanza,1,AMB_106178,2025-10-13
Avanza,1,AMB_106178,2025-10-14
Avanza,1,AMB_106225,2025-10-13
Avanza,1,AMB_106225,2025-10-14
Avanza,1,AMB_106225,2025-10-15
Avanza,1,AMB_106226,2025-10-13
Avanza,1,AMB_106226,2025-10-14
Avanza,1,AMB_106226,2025-10-15
Avanza,1,AMB_106227,2025-10-13
Avanza,1,AMB_106227,2025-10-14
Avanza,1,AMB_106227,2025-10-15
Avanza,1,AMB_106228,2025-10-13
Avanza,1,AMB_106228,2025-10-14
Avanza,1,AMB_106228,2025-10-15
Avanza,1,AMB_106229,2025-10-13
Avanza,1,AMB_106229,2025-10-14
Avanza,1,AMB_106229,2025-10-15
Avanza,1,AMB_106375,2025-10-13
Avanza,1,AMB_106375,2025-10-14
Avanza,1,AMB_106376,2025-10-13
Avanza,1,AMB_106376,2025-10-14
Avanza,1,AMB_106377,2025-10-13
Avanza,1,AMB_106377,2025-10-14
Avanza,1,AMB_106383,2025-10-13
Avanza,1,AMB_106383,2025-10-14
Avanza,1,AMB_106384,2025-10-13
Avanza,1,AMB_106384,2025-10-14
Avanza,1,AMB_106386,2025-10-13
Avanza,1,AMB_106386,2025-10-14
Avanza,1,AMB_106386,2025-10-15
Avanza,1,AMB_106387,2025-10-13
Avanza,1,AMB_106387,2025-10-14
Avanza,1,AMB_106387,2025-10-15
Avanza,1,AMB_106444,2025-10-13
Avanza,1,AMB_106444,2025-10-14
Avanza,1,AMB_106466,2025-10-13
Avanza,1,AMB_106466,2025-10-14
Avanza,1,AMB_106468,2025-10-13
Avanza,1,AMB_106468,2025-10-14
Avanza,1,AMB_106471,2025-10-13
Avanza,1,AMB_106471,2025-10-14
Avanza,1,AMB_106711,2025-10-13
Avanza,1,AMB_106711,2025-10-14
Avanza,1,AMB_106711,2025-10-15
Avanza,1,AMB_106712,2025-10-13
Avanza,1,AMB_106712,2025-10-14
Avanza,1,AMB_106712,2025-10-15
Avanza,1,AMB_106766,2025-10-13
Avanza,1,AMB_106766,2025-10-14
Avanza,1,AMB_106766,2025-10-15
Avanza,1,AMB_106767,2025-10-13
Avanza,1,AMB_106767,2025-10-14
Avanza,1,AMB_106767,2025-10-15
Avanza,1,AMB_106768,2025-10-13
Avanza,1,AMB_106768,2025-10-14
Avanza,1,AMB_106768,2025-10-15
Avanza,1,AMB_106769,2025-10-13
Avanza,1,AMB_106769,2025-10-14
Avanza,1,AMB_106769,2025-10-15
Avanza,1,AMB_106770,2025-10-13
Avanza,1,AMB_106770,2025-10-14
Avanza,1,AMB_106770,2025-10-15
Avanza,1,AMB_106825,2025-10-14
Avanza,1,AMB_106825,2025-10-15
Avanza,1,AMB_106826,2025-10-13
Avanza,1,AMB_106826,2025-10-14
Avanza,1,AMB_106826,2025-10-15
Moventis,1,AMB_106835,2025-10-13
Moventis,1,AMB_106835,2025-10-14
Moventis,1,AMB_106840,2025-10-13
Moventis,1,AMB_106840,2025-10-14
Moventis,1,AMB_106841,2025-10-13
Moventis,1,AMB_106841,2025-10-14
Moventis,1,AMB_106848,2025-10-13
Moventis,1,AMB_106848,2025-10-14
Moventis,1,AMB_106849,2025-10-13
Moventis,1,AMB_106849,2025-10-14
Moventis,1,AMB_106850,2025-10-13
Moventis,1,AMB_106850,2025-10-14
Moventis,1,AMB_106856,2025-10-13
Moventis,1,AMB_106856,2025-10-14
Moventis,1,AMB_106858,2025-10-13
Moventis,1,AMB_106858,2025-10-14
Moventis,1,AMB_106861,2025-10-13
Moventis,1,AMB_106861,2025-10-14
Moventis,1,AMB_106862,2025-10-13
Moventis,1,AMB_106862,2025-10-14
Moventis,1,AMB_106863,2025-10-13
Moventis,1,AMB_106863,2025-10-14
Moventis,1,AMB_106864,2025-10-13
Moventis,1,AMB_106864,2025-10-14
Moventis,1,AMB_106867,2025-10-13
Moventis,1,AMB_106867,2025-10-14
Moventis,1,AMB_106868,2025-10-13
Moventis,1,AMB_106868,2025-10-14
Moventis,1,AMB_106869,2025-10-13
Moventis,1,AMB_106869,2025-10-14
DIREXIS TUSGSAL,1,AMB_106951,2025-10-13
DIREXIS TUSGSAL,1,AMB_106951,2025-10-14
Avanza,1,AMB_106968,2025-10-13
Avanza,1,AMB_106968,2025-10-14
Avanza,1,AMB_106972,2025-10-13
Avanza,1,AMB_106972,2025-10-14
Avanza,1,AMB_106972,2025-10-15
Avanza,1,AMB_106993,2025-10-13
Avanza,1,AMB_106993,2025-10-14
Avanza,1,AMB_107064,2025-10-13
Avanza,1,AMB_107064,2025-10-14
Avanza,1,AMB_107065,2025-10-13
Avanza,1,AMB_107065,2025-10-14
Avanza,1,AMB_107066,2025-10-13
Avanza,1,AMB_107066,2025-10-14
Avanza,1,AMB_107066,2025-10-15
Avanza,1,AMB_107070,2025-10-13
Avanza,1,AMB_107070,2025-10-14
Avanza,1,AMB_107072,2025-10-13
Avanza,1,AMB_107072,2025-10-14
Avanza,1,AMB_107090,2025-10-13
Avanza,1,AMB_107090,2025-10-14
Avanza,1,AMB_107106,2025-10-13
Avanza,1,AMB_107106,2025-10-14
Avanza,1,AMB_107107,2025-10-13
Avanza,1,AMB_107107,2025-10-14
Avanza,1,AMB_107107,2025-10-15
Avanza,1,AMB_107113,2025-10-13
Avanza,1,AMB_107113,2025-10-14
Avanza,1,AMB_107113,2025-10-15
Avanza,1,AMB_107117,2025-10-13
Avanza,1,AMB_107117,2025-10-14
Avanza,1,AMB_107117,2025-10-15
Avanza,1,AMB_107128,2025-10-13
Avanza,1,AMB_107128,2025-10-14
Avanza,1,AMB_107128,2025-10-15
Avanza,1,AMB_107136,2025-10-13
Avanza,1,AMB_107136,2025-10-14
Avanza,1,AMB_107136,2025-10-15
Avanza,1,AMB_107141,2025-10-13
Avanza,1,AMB_107141,2025-10-14
Avanza,1,AMB_107141,2025-10-15
Monbus (Horta),1,AMB_107150,2025-10-13
Monbus (Horta),1,AMB_107150,2025-10-14
DIREXIS TUSGSAL,1,AMB_107189,2025-10-14
DIREXIS TUSGSAL,1,AMB_107189,2025-10-15
DIREXIS TUSGSAL,1,AMB_107199,2025-10-14
DIREXIS TUSGSAL,1,AMB_107199,2025-10-15
Monbus (Horta),1,AMB_107229,2025-10-13
Monbus (Horta),1,AMB_107229,2025-10-14
Moventis,1,AMB_107238,2025-10-13
Moventis,1,AMB_107238,2025-10-14
Avanza,1,AMB_107301,2025-10-13
Avanza,1,AMB_107301,2025-10-14
Avanza,1,AMB_107301,2025-10-15
Avanza,1,AMB_107303,2025-10-13
Avanza,1,AMB_107303,2025-10-14
Avanza,1,AMB_107303,2025-10-15
Avanza,1,AMB_107483,2025-10-13
Avanza,1,AMB_107483,2025-10-14
Avanza,1,AMB_107483,2025-10-15
Avanza,1,AMB_107484,2025-10-13
Avanza,1,AMB_107484,2025-10-14
Avanza,1,AMB_107484,2025-10-15
Avanza,1,AMB_107486,2025-10-13
Avanza,1,AMB_107486,2025-10-14
Avanza,1,AMB_107486,2025-10-15
Moventis,1,AMB_107489,2025-10-13
Moventis,1,AMB_107489,2025-10-14
Moventis,1,AMB_107617,2025-10-13
Moventis,1,AMB_107617,2025-10-14
Moventis,1,AMB_107620,2025-10-13
Moventis,1,AMB_107620,2025-10-14
Moventis,1,AMB_107638,2025-10-13
Moventis,1,AMB_107638,2025-10-14
Moventis (Port),1,AMB_107729,2025-10-13
Moventis (Port),1,AMB_107729,2025-10-14
Moventis (Port),1,AMB_107730,2025-10-13
Moventis (Port),1,AMB_107730,2025-10-14
Moventis (Port),1,AMB_107731,2025-10-13
Moventis (Port),1,AMB_107731,2025-10-14
Moventis (Port),1,AMB_107734,2025-10-13
Moventis (Port),1,AMB_107734,2025-10-14
Moventis (Port),1,AMB_107735,2025-10-13
Moventis (Port),1,AMB_107735,2025-10-14
Moventis (Port),1,AMB_107736,2025-10-13
Moventis (Port),1,AMB_107736,2025-10-14
Moventis (Port),1,AMB_107738,2025-10-13
Moventis (Port),1,AMB_107738,2025-10-14
DIREXIS TUSGSAL,1,AMB_107806,2025-10-13
DIREXIS TUSGSAL,1,AMB_107806,2025-10-14
Moventis,1,AMB_108557,2025-10-13
Moventis,1,AMB_108557,2025-10-14
DIREXIS TUSGSAL,1,AMB_108631,2025-10-13
DIREXIS TUSGSAL,1,AMB_108631,2025-10-14
DIREXIS TUSGSAL,1,AMB_108631,2025-10-15
Avanza,1,AMB_108665,2025-10-13
Avanza,1,AMB_108665,2025-10-14
DIREXIS TUSGSAL,1,AMB_108797,2025-10-13
DIREXIS TUSGSAL,1,AMB_108797,2025-10-14
DIREXIS TUSGSAL,1,AMB_108822,2025-10-13
DIREXIS TUSGSAL,1,AMB_108822,2025-10-14
DIREXIS TUSGSAL,1,AMB_108823,2025-10-13
DIREXIS TUSGSAL,1,AMB_108823,2025-10-14
DIREXIS TUSGSAL,1,AMB_108824,2025-10-13
DIREXIS TUSGSAL,1,AMB_108824,2025-10-14
DIREXIS TUSGSAL,1,AMB_108832,2025-10-13
DIREXIS TUSGSAL,1,AMB_108832,2025-10-14
DIREXIS TUSGSAL,1,AMB_108832,2025-10-15
Avanza,1,AMB_108834,2025-10-13
Avanza,1,AMB_108834,2025-10-14
Avanza,1,AMB_108834,2025-10-15
Monbus (Horta),1,AMB_108984,2025-10-13
Monbus (Horta),1,AMB_108984,2025-10-14
Avanza,1,AMB_109072,2025-10-13
Avanza,1,AMB_109072,2025-10-14
Moventis (Port),1,AMB_109094,2025-10-13
Moventis (Port),1,AMB_109094,2025-10-14
Moventis (Port),1,AMB_109095,2025-10-13
Moventis (Port),1,AMB_109095,2025-10-14
Moventis (Port),1,AMB_109097,2025-10-13
Moventis (Port),1,AMB_109097,2025-10-14
Moventis (Port),1,AMB_109098,2025-10-13
Moventis (Port),1,AMB_109098,2025-10-14
Moventis (Port),1,AMB_109099,2025-10-13
Moventis (Port),1,AMB_109099,2025-10-14
Moventis,1,AMB_109108,2025-10-13
Moventis,1,AMB_109108,2025-10-14
Moventis,1,AMB_109109,2025-10-13
Moventis,1,AMB_109109,2025-10-14
Avanza,1,AMB_109182,2025-10-13
Avanza,1,AMB_109182,2025-10-14
Avanza,1,AMB_109182,2025-10-15
DIREXIS TUSGSAL,1,AMB_109187,2025-10-13
DIREXIS TUSGSAL,1,AMB_109187,2025-10-15
DIREXIS TUSGSAL,1,AMB_109210,2025-10-13
DIREXIS TUSGSAL,1,AMB_109210,2025-10-14
Moventis,1,AMB_109216,2025-10-13
Moventis,1,AMB_109216,2025-10-14
Monbus (Horta),1,AMB_109220,2025-10-13
Monbus (Horta),1,AMB_109220,2025-10-14
Moventis,1,AMB_109231,2025-10-13
Moventis,1,AMB_109231,2025-10-14
Avanza,1,AMB_109237,2025-10-13
Avanza,1,AMB_109237,2025-10-14
Avanza,1,AMB_109237,2025-10-15
DIREXIS TUSGSAL,1,AMB_109261,2025-10-13
DIREXIS TUSGSAL,1,AMB_109261,2025-10-14
Moventis,1,AMB_109268,2025-10-13
Moventis,1,AMB_109268,2025-10-14
DIREXIS TUSGSAL,1,AMB_109279,2025-10-13
DIREXIS TUSGSAL,1,AMB_109279,2025-10-14
Moventis,1,AMB_109281,2025-10-13
Moventis,1,AMB_109281,2025-10-14
Moventis,1,AMB_109286,2025-10-13
Moventis,1,AMB_109286,2025-10-14
Avanza,1,AMB_109290,2025-10-13
Avanza,1,AMB_109290,2025-10-14
Avanza,1,AMB_109290,2025-10-15
Avanza,1,AMB_109291,2025-10-13
Avanza,1,AMB_109291,2025-10-14
Avanza,1,AMB_109291,2025-10-15
Avanza,1,AMB_109563,2025-10-13
Avanza,1,AMB_109563,2025-10-14
Avanza,1,AMB_109564,2025-10-13
Avanza,1,AMB_109564,2025-10-14
Avanza,1,AMB_109565,2025-10-13
Avanza,1,AMB_109565,2025-10-14
Avanza,1,AMB_109566,2025-10-13
Avanza,1,AMB_109566,2025-10-14
Avanza,1,AMB_109575,2025-10-13
Avanza,1,AMB_109575,2025-10-14
Avanza,1,AMB_109576,2025-10-13
Avanza,1,AMB_109576,2025-10-14
Avanza,1,AMB_109580,2025-10-13
Avanza,1,AMB_109580,2025-10-14
Avanza,1,AMB_109640,2025-10-13
Avanza,1,AMB_109640,2025-10-14
DIREXIS TUSGSAL,1,AMB_109710,2025-10-13
DIREXIS TUSGSAL,1,AMB_109710,2025-10-14
DIREXIS TUSGSAL,1,AMB_109710,2025-10-15
Avanza,1,AMB_109860,2025-10-13
Avanza,1,AMB_109860,2025-10-14
Avanza,1,AMB_109880,2025-10-13
Avanza,1,AMB_109880,2025-10-14
Moventis,1,AMB_109950,2025-10-13
Moventis,1,AMB_109950,2025-10-14
Moventis,1,AMB_109956,2025-10-13
Moventis,1,AMB_109956,2025-10-14
Moventis,1,AMB_109962,2025-10-13
Moventis,1,AMB_109962,2025-10-14
DIREXIS TUSGSAL,1,AMB_109966,2025-10-13
DIREXIS TUSGSAL,1,AMB_109966,2025-10-14
DIREXIS TUSGSAL,1,AMB_109966,2025-10-15
DIREXIS TUSGSAL,1,AMB_109979,2025-10-13
DIREXIS TUSGSAL,1,AMB_109979,2025-10-14
DIREXIS TUSGSAL,1,AMB_109979,2025-10-15
Moventis (Port),1,AMB_110004,2025-10-13
Moventis (Port),1,AMB_110004,2025-10-14
Moventis (Port),1,AMB_110005,2025-10-13
Moventis (Port),1,AMB_110005,2025-10-14
Moventis (Port),1,AMB_110006,2025-10-13
Moventis (Port),1,AMB_110006,2025-10-14
Moventis (Port),1,AMB_110007,2025-10-13
Moventis (Port),1,AMB_110007,2025-10-14
Moventis (Port),1,AMB_110008,2025-10-13
Moventis (Port),1,AMB_110008,2025-10-14
Moventis (Port),1,AMB_110012,2025-10-13
Moventis (Port),1,AMB_110012,2025-10-14
Moventis (Port),1,AMB_110013,2025-10-13
Moventis (Port),1,AMB_110013,2025-10-14
Moventis (Port),1,AMB_110014,2025-10-13
Moventis (Port),1,AMB_110014,2025-10-14
Moventis (Port),1,AMB_110015,2025-10-13
Moventis (Port),1,AMB_110015,2025-10-14
Moventis (Port),1,AMB_110016,2025-10-13
Moventis (Port),1,AMB_110016,2025-10-14
Moventis (Port),1,AMB_110017,2025-10-13
Moventis (Port),1,AMB_110017,2025-10-14
Moventis (Port),1,AMB_110020,2025-10-13
Moventis (Port),1,AMB_110020,2025-10-14
Moventis (Port),1,AMB_110021,2025-10-13
Moventis (Port),1,AMB_110021,2025-10-14
Moventis (Port),1,AMB_110022,2025-10-13
Moventis (Port),1,AMB_110022,2025-10-14
Moventis (Port),1,AMB_110023,2025-10-13
Moventis (Port),1,AMB_110023,2025-10-14
Moventis (Port),1,AMB_110024,2025-10-13
Moventis (Port),1,AMB_110024,2025-10-14
Moventis (Port),1,AMB_110025,2025-10-13
Moventis (Port),1,AMB_110025,2025-10-14
DIREXIS TUSGSAL,1,AMB_110027,2025-10-13
DIREXIS TUSGSAL,1,AMB_110027,2025-10-14
DIREXIS TUSGSAL,1,AMB_110027,2025-10-15
Moventis (Port),1,AMB_110029,2025-10-13
Moventis (Port),1,AMB_110029,2025-10-14
Moventis (Port),1,AMB_110030,2025-10-13
Moventis (Port),1,AMB_110030,2025-10-14
Moventis (Port),1,AMB_110032,2025-10-13
Moventis (Port),1,AMB_110032,2025-10-14
Moventis (Port),1,AMB_110033,2025-10-13
Moventis (Port),1,AMB_110033,2025-10-14
Moventis (Port),1,AMB_110034,2025-10-13
Moventis (Port),1,AMB_110034,2025-10-14
Moventis (Port),1,AMB_110035,2025-10-13
Moventis (Port),1,AMB_110035,2025-10-14
Avanza,1,AMB_110036,2025-10-13
Avanza,1,AMB_110036,2025-10-14
Avanza,1,AMB_110036,2025-10-15
Avanza,1,AMB_110037,2025-10-13
Avanza,1,AMB_110037,2025-10-14
Avanza,1,AMB_110037,2025-10-15
Avanza,1,AMB_110038,2025-10-13
Avanza,1,AMB_110038,2025-10-14
Avanza,1,AMB_110039,2025-10-13
Avanza,1,AMB_110039,2025-10-14
Avanza,1,AMB_110040,2025-10-13
Avanza,1,AMB_110040,2025-10-14
Avanza,1,AMB_110073,2025-10-13
Avanza,1,AMB_110073,2025-10-14
Avanza,1,AMB_110074,2025-10-13
Avanza,1,AMB_110074,2025-10-14
Moventis (Port),1,AMB_110080,2025-10-13
Moventis (Port),1,AMB_110080,2025-10-14
Moventis (Port),1,AMB_110081,2025-10-13
Moventis (Port),1,AMB_110081,2025-10-14
Moventis,1,AMB_110363,2025-10-13
Moventis,1,AMB_110363,2025-10-14
Moventis,1,AMB_110364,2025-10-13
Moventis,1,AMB_110364,2025-10-14
DIREXIS TUSGSAL,1,AMB_110386,2025-10-13
DIREXIS TUSGSAL,1,AMB_110386,2025-10-14
DIREXIS TUSGSAL,1,AMB_110390,2025-10-13
DIREXIS TUSGSAL,1,AMB_110390,2025-10-14
DIREXIS TUSGSAL,1,AMB_110390,2025-10-15
DIREXIS TUSGSAL,1,AMB_110393,2025-10-13
DIREXIS TUSGSAL,1,AMB_110393,2025-10-14
DIREXIS TUSGSAL,1,AMB_110393,2025-10-15
Avanza,1,AMB_110458,2025-10-13
Avanza,1,AMB_110458,2025-10-14
DIREXIS TUSGSAL,1,AMB_110472,2025-10-13
DIREXIS TUSGSAL,1,AMB_110472,2025-10-14
DIREXIS TUSGSAL,1,AMB_110476,2025-10-13
DIREXIS TUSGSAL,1,AMB_110476,2025-10-14
DIREXIS TUSGSAL,1,AMB_110477,2025-10-13
DIREXIS TUSGSAL,1,AMB_110477,2025-10-14
Moventis,1,AMB_110479,2025-10-13
Moventis,1,AMB_110479,2025-10-14
Moventis,1,AMB_110482,2025-10-13
Moventis,1,AMB_110482,2025-10-14
Moventis,1,AMB_110492,2025-10-13
Moventis,1,AMB_110492,2025-10-14
Avanza,1,AMB_110503,2025-10-13
Avanza,1,AMB_110503,2025-10-14
Moventis,1,AMB_110518,2025-10-13
Moventis,1,AMB_110518,2025-10-14
Moventis,1,AMB_110519,2025-10-13
Moventis,1,AMB_110519,2025-10-14
Moventis,1,AMB_110586,2025-10-13
Moventis,1,AMB_110586,2025-10-14
DIREXIS TUSGSAL,1,AMB_110587,2025-10-13
DIREXIS TUSGSAL,1,AMB_110587,2025-10-14
DIREXIS TUSGSAL,1,AMB_110587,2025-10-15
DIREXIS TUSGSAL,1,AMB_112129,2025-10-13
DIREXIS TUSGSAL,1,AMB_112129,2025-10-14
DIREXIS TUSGSAL,1,AMB_112142,2025-10-13
DIREXIS TUSGSAL,1,AMB_112142,2025-10-14
Avanza,1,AMB_112200,2025-10-13
Avanza,1,AMB_112200,2025-10-14
Avanza,1,AMB_112200,2025-10-15
Avanza,1,AMB_112201,2025-10-13
Avanza,1,AMB_112201,2025-10-14
Avanza,1,AMB_112201,2025-10-15
Avanza,1,AMB_112216,2025-10-13
Avanza,1,AMB_112216,2025-10-14
Avanza,1,AMB_112216,2025-10-15
Moventis,1,AMB_112370,2025-10-13
Moventis,1,AMB_112370,2025-10-14
Avanza,1,AMB_112390,2025-10-13
Avanza,1,AMB_112390,2025-10-14
Avanza,1,AMB_112391,2025-10-13
Avanza,1,AMB_112391,2025-10-14
Avanza,1,AMB_112392,2025-10-13
Avanza,1,AMB_112392,2025-10-14
Moventis (Port),1,AMB_112403,2025-10-13
Moventis (Port),1,AMB_112403,2025-10-14
Moventis,1,AMB_112405,2025-10-13
Moventis,1,AMB_112405,2025-10-14
Avanza,1,AMB_112423,2025-10-13
Avanza,1,AMB_112423,2025-10-14
Avanza,1,AMB_112442,2025-10-13
Avanza,1,AMB_112442,2025-10-14
Avanza,1,AMB_112442,2025-10-15
Avanza,1,AMB_112443,2025-10-13
Avanza,1,AMB_112443,2025-10-14
Avanza,1,AMB_112443,2025-10-15
Avanza,1,AMB_112444,2025-10-13
Avanza,1,AMB_112444,2025-10-14
Avanza,1,AMB_112444,2025-10-15
Moventis,1,AMB_112524,2025-10-13
Moventis,1,AMB_112524,2025-10-14
Moventis,1,AMB_112533,2025-10-13
Moventis,1,AMB_112533,2025-10-14
Soler i Sauret,1,AMB_200018,2025-10-13
Soler i Sauret,1,AMB_200018,2025-10-14
Soler i Sauret,1,AMB_200020,2025-10-13
Soler i Sauret,1,AMB_200020,2025-10-14
Soler i Sauret,1,AMB_200021,2025-10-13
Soler i Sauret,1,AMB_200021,2025-10-14
Soler i Sauret,1,AMB_200022,2025-10-13
Soler i Sauret,1,AMB_200022,2025-10-14
Soler i Sauret,1,AMB_200024,2025-10-13
Soler i Sauret,1,AMB_200024,2025-10-14
Soler i Sauret,1,AMB_200025,2025-10-13
Soler i Sauret,1,AMB_200025,2025-10-14
Soler i Sauret,1,AMB_200027,2025-10-13
Soler i Sauret,1,AMB_200027,2025-10-14
Soler i Sauret,1,AMB_200029,2025-10-13
Soler i Sauret,1,AMB_200029,2025-10-14
Soler i Sauret,1,AMB_200031,2025-10-13
Soler i Sauret,1,AMB_200031,2025-10-14
Soler i Sauret,1,AMB_200032,2025-10-13
Soler i Sauret,1,AMB_200032,2025-10-14
Soler i Sauret,1,AMB_200086,2025-10-13
Soler i Sauret,1,AMB_200086,2025-10-14
Soler i Sauret,1,AMB_200211,2025-10-13
Soler i Sauret,1,AMB_200211,2025-10-14
Soler i Sauret,1,AMB_200212,2025-10-13
Soler i Sauret,1,AMB_200212,2025-10-14
Soler i Sauret,1,AMB_200218,2025-10-13
Soler i Sauret,1,AMB_200218,2025-10-14
Soler i Sauret,1,AMB_200219,2025-10-13
Soler i Sauret,1,AMB_200219,2025-10-14
Soler i Sauret,1,AMB_200220,2025-10-13
Soler i Sauret,1,AMB_200220,2025-10-14
Soler i Sauret,1,AMB_200221,2025-10-13
Soler i Sauret,1,AMB_200221,2025-10-14
Soler i Sauret,1,AMB_200229,2025-10-13
Soler i Sauret,1,AMB_200229,2025-10-14
Soler i Sauret,1,AMB_200230,2025-10-13
Soler i Sauret,1,AMB_200230,2025-10-14
Soler i Sauret,1,AMB_200232,2025-10-13
Soler i Sauret,1,AMB_200232,2025-10-14
Soler i Sauret,1,AMB_200238,2025-10-13
Soler i Sauret,1,AMB_200238,2025-10-14
Soler i Sauret,1,AMB_200240,2025-10-13
Soler i Sauret,1,AMB_200240,2025-10-14
Soler i Sauret,1,AMB_200241,2025-10-13
Soler i Sauret,1,AMB_200241,2025-10-14
Soler i Sauret,1,AMB_200242,2025-10-13
Soler i Sauret,1,AMB_200242,2025-10-14
Soler i Sauret,1,AMB_200243,2025-10-13
Soler i Sauret,1,AMB_200243,2025-10-14
Soler i Sauret,1,AMB_200244,2025-10-13
Soler i Sauret,1,AMB_200244,2025-10-14
Soler i Sauret,1,AMB_200246,2025-10-13
Soler i Sauret,1,AMB_200246,2025-10-14
Soler i Sauret,1,AMB_200247,2025-10-13
Soler i Sauret,1,AMB_200247,2025-10-14
Soler i Sauret,1,AMB_200255,2025-10-13
Soler i Sauret,1,AMB_200255,2025-10-14
Soler i Sauret,1,AMB_200256,2025-10-13
Soler i Sauret,1,AMB_200256,2025-10-14
Soler i Sauret,1,AMB_200263,2025-10-13
Soler i Sauret,1,AMB_200263,2025-10-14
Soler i Sauret,1,AMB_200264,2025-10-13
Soler i Sauret,1,AMB_200264,2025-10-14
Soler i Sauret,1,AMB_200265,2025-10-13
Soler i Sauret,1,AMB_200265,2025-10-14
Soler i Sauret,1,AMB_200275,2025-10-13
Soler i Sauret,1,AMB_200275,2025-10-14
Soler i Sauret,1,AMB_200276,2025-10-13
Soler i Sauret,1,AMB_200276,2025-10-14
Soler i Sauret,1,AMB_200280,2025-10-13
Soler i Sauret,1,AMB_200280,2025-10-14
Soler i Sauret,1,AMB_200283,2025-10-13
Soler i Sauret,1,AMB_200283,2025-10-14
Soler i Sauret,1,AMB_200286,2025-10-13
Soler i Sauret,1,AMB_200286,2025-10-14
Soler i Sauret,1,AMB_200288,2025-10-13
Soler i Sauret,1,AMB_200288,2025-10-14
Soler i Sauret,1,AMB_200289,2025-10-13
Soler i Sauret,1,AMB_200289,2025-10-14
Sagalés (Mataró - St. Celoni),1,CIN_2365,2025-10-13
Sagalés (Mataró - St. Celoni),1,CIN_2365,2025-10-14
Sagalés (Mataró - St. Celoni),1,CIN_3358,2025-10-13
Sagalés (Mataró - St. Celoni),1,CIN_3358,2025-10-14
Sagalés (Mataró - St. Celoni),1,CIN_3359,2025-10-13
Sagalés (Mataró - St. Celoni),1,CIN_3359,2025-10-14
Sagalés (Mataró - St. Celoni),1,CIN_3361,2025-10-13
Sagalés (Mataró - St. Celoni),1,CIN_3361,2025-10-14
Sagalés (Mataró - St. Celoni),1,CIN_3375,2025-10-13
Sagalés (Mataró - St. Celoni),1,CIN_3375,2025-10-14
Sagalés (Mataró - St. Celoni),1,CIN_4987,2025-10-13
Sagalés (Mataró - St. Celoni),1,CIN_4987,2025-10-14
Sagalés (Mataró - St. Celoni),1,CIN_9328,2025-10-13
Sagalés (Mataró - St. Celoni),1,CIN_9328,2025-10-14
Sagalés (Costa),1,COS_19005,2025-10-13
Sagalés (Costa),1,COS_19005,2025-10-14
Sagalés (Costa),1,COS_19006,2025-10-13
Sagalés (Costa),1,COS_19006,2025-10-14
Sagalés (Costa),1,COS_19008,2025-10-13
Sagalés (Costa),1,COS_19008,2025-10-14
Sagalés (Costa),1,COS_19009,2025-10-13
Sagalés (Costa),1,COS_19009,2025-10-14
Sagalés (Costa),1,COS_19010,2025-10-13
Sagalés (Costa),1,COS_19010,2025-10-14
Sagalés (Costa),1,COS_19011,2025-10-13
Sagalés (Costa),1,COS_19011,2025-10-14
Sagalés (Costa),1,COS_19051,2025-10-13
Sagalés (Costa),1,COS_19051,2025-10-14
Sagalés (Costa),1,COS_19062,2025-10-13
Sagalés (Costa),1,COS_19062,2025-10-14
Sagalés (Costa),1,COS_19063,2025-10-13
Sagalés (Costa),1,COS_19063,2025-10-14
Sagalés (Costa),1,COS_19064,2025-10-13
Sagalés (Costa),1,COS_19064,2025-10-14
Sagalés (Costa),1,COS_19100,2025-10-13
Sagalés (Costa),1,COS_19100,2025-10-14
Sagalés (Costa),1,COS_19150,2025-10-13
Sagalés (Costa),1,COS_19150,2025-10-14
Sagalés (Costa),1,COS_2678,2025-10-13
Sagalés (Costa),1,COS_2678,2025-10-14
DIREXIS TUSGSAL,1,COS_7134,2025-10-13
DIREXIS TUSGSAL,1,COS_7134,2025-10-14
Sagalés (Vallès Oriental),1,CRA_13,2025-10-13
Sagalés (Vallès Oriental),1,CRA_13,2025-10-14
Sagalés (Vallès Oriental),1,CRA_1324,2025-10-13
Sagalés (Vallès Oriental),1,CRA_1324,2025-10-14
Sagalés (Vallès Oriental),1,CRA_1409,2025-10-13
Sagalés (Vallès Oriental),1,CRA_1409,2025-10-14
Sagalés (Vallès Oriental),1,CRA_1876,2025-10-13
Sagalés (Vallès Oriental),1,CRA_1876,2025-10-14
Sagalés (Vallès Oriental),1,CRA_1888,2025-10-13
Sagalés (Vallès Oriental),1,CRA_1888,2025-10-14
Sagalés (Vallès Oriental),1,CRA_290,2025-10-13
Sagalés (Vallès Oriental),1,CRA_290,2025-10-14
Sagalés (Vallès Oriental),1,CRA_3103,2025-10-13
Sagalés (Vallès Oriental),1,CRA_3103,2025-10-14
Sagalés (Vallès Oriental),1,CRA_3106,2025-10-13
Sagalés (Vallès Oriental),1,CRA_3106,2025-10-14
Sagalés (Vallès Oriental),1,CRA_3114,2025-10-13
Sagalés (Vallès Oriental),1,CRA_3114,2025-10-14
DIREXIS TUSGSAL,1,CRA_3115,2025-10-13
DIREXIS TUSGSAL,1,CRA_3115,2025-10-14
Sagalés (Vallès Oriental),1,CRA_3116,2025-10-13
Sagalés (Vallès Oriental),1,CRA_3116,2025-10-14
Sagalés (Vallès Oriental),1,CRA_3117,2025-10-13
Sagalés (Vallès Oriental),1,CRA_3117,2025-10-14
Sagalés (Vallès Oriental),1,CRA_3119,2025-10-13
Sagalés (Vallès Oriental),1,CRA_3119,2025-10-14
Sagalés (Vallès Oriental),1,CRA_3921,2025-10-13
Sagalés (Vallès Oriental),1,CRA_3921,2025-10-14
Sagalés (Vallès Oriental),1,CRA_4648,2025-10-13
Sagalés (Vallès Oriental),1,CRA_4648,2025-10-14
Sagalés (Vallès Oriental),1,CRA_9040,2025-10-13
Sagalés (Vallès Oriental),1,CRA_9040,2025-10-14
Sagalés (Vallès Oriental),1,CRA_9103,2025-10-13
Sagalés (Vallès Oriental),1,CRA_9103,2025-10-14
Sagalés (Vallès Oriental),1,FYT_2267,2025-10-13
Sagalés (Vallès Oriental),1,FYT_2267,2025-10-14
Sagalés (Vallès Oriental),1,FYT_2858,2025-10-13
Sagalés (Vallès Oriental),1,FYT_2858,2025-10-14
Sagalés (Vallès Oriental),1,FYT_2858,2025-10-15
Sagalés (Vallès Oriental),1,FYT_3793,2025-10-13
Sagalés (Vallès Oriental),1,FYT_8361,2025-10-13
Sagalés (Vallès Oriental),1,FYT_8361,2025-10-14
Sagalés (Vallès Oriental),1,FYT_8361,2025-10-15
Autocars Gamón,1,GAM_P146,2025-10-13
Autocars Gamón,1,GAM_P146,2025-10-14
Autocars Gamón,1,GAM_P148,2025-10-13
Autocars Gamón,1,GAM_P148,2025-10-14
Autocars Gamón,1,GAM_P151,2025-10-13
Autocars Gamón,1,GAM_P151,2025-10-14
Autocars Gamón,1,GAM_P169,2025-10-13
Autocars Gamón,1,GAM_P169,2025-10-14
ALSINA GRAELLS,1,GAM_P172,2025-10-13
ALSINA GRAELLS,1,GAM_P172,2025-10-14
ALSINA GRAELLS,1,GAM_P20,2025-10-13
ALSINA GRAELLS,1,GAM_P20,2025-10-14
Autocars Gamón,1,GAM_P75,2025-10-13
Autocars Gamón,1,GAM_P75,2025-10-14
Transgran,1,GRA_3057,2025-10-13
Transgran,1,GRA_3057,2025-10-14
Transgran,1,GRA_3063,2025-10-13
Transgran,1,GRA_3063,2025-10-14
Transgran,1,GRA_4288,2025-10-13
Transgran,1,GRA_4288,2025-10-14
Transgran,1,GRA_4300,2025-10-13
Transgran,1,GRA_4300,2025-10-14
Transgran,1,GRA_4444,2025-10-13
Transgran,1,GRA_4444,2025-10-14
Transgran,1,GRA_4467,2025-10-13
Transgran,1,GRA_4467,2025-10-14
Transgran,1,GRA_5128,2025-10-13
Transgran,1,GRA_5128,2025-10-14
Transgran,1,GRA_5129,2025-10-13
Transgran,1,GRA_5129,2025-10-14
Transgran,1,GRA_6051,2025-10-13
Transgran,1,GRA_6051,2025-10-14
Transgran,1,GRA_6052,2025-10-13
Transgran,1,GRA_6052,2025-10-14
Transgran,1,GRA_6062,2025-10-13
Transgran,1,GRA_6062,2025-10-14
Transgran,1,GRA_6063,2025-10-13
Transgran,1,GRA_6063,2025-10-14
Transgran,1,GRA_7624,2025-10-13
Transgran,1,GRA_7624,2025-10-14
Transgran,1,GRA_7696,2025-10-13
Transgran,1,GRA_7696,2025-10-14
BusManresa,1,MAN_5711,2025-10-13
BusManresa,1,MAN_5711,2025-10-14
BusManresa,1,MAN_5712,2025-10-13
BusManresa,1,MAN_5712,2025-10-14
BusManresa,1,MAN_9209,2025-10-13
BusManresa,1,MAN_9209,2025-10-14
BusManresa,1,MAN_9715,2025-10-13
BusManresa,1,MAN_9715,2025-10-14
urbà Mont-roig,1,MON_11,2025-10-13
urbà Mont-roig,1,MON_11,2025-10-14
urbà Mont-roig,1,MON_16,2025-10-13
urbà Mont-roig,1,MON_16,2025-10-14
urbà Mont-roig,1,MON_23,2025-10-13
urbà Mont-roig,1,MON_23,2025-10-14
urbà Mont-roig,1,MON_3,2025-10-13
urbà Mont-roig,1,MON_3,2025-10-14
Sagalés (Osona),1,OSO_1231,2025-10-13
Sagalés (Osona),1,OSO_1231,2025-10-14
Sagalés (Bages),1,OSO_1801,2025-10-13
Sagalés (Bages),1,OSO_1801,2025-10-14
Urbà de Vic,1,OSO_2392,2025-10-13
Urbà de Vic,1,OSO_2392,2025-10-14
Sagalés (Osona),1,OSO_2687,2025-10-13
Sagalés (Osona),1,OSO_2687,2025-10-14
Sagalés (Osona),1,OSO_2690,2025-10-13
Sagalés (Osona),1,OSO_2690,2025-10-14
Sagalés (Osona),1,OSO_2721,2025-10-13
Sagalés (Osona),1,OSO_2721,2025-10-14
Sagalés (Osona),1,OSO_2722,2025-10-13
Sagalés (Osona),1,OSO_2722,2025-10-14
Sagalés (Osona),1,OSO_2741,2025-10-13
Sagalés (Osona),1,OSO_2741,2025-10-14
Sagalés (Osona),1,OSO_2743,2025-10-13
Sagalés (Osona),1,OSO_2743,2025-10-14
Sagalés (Osona),1,OSO_2784,2025-10-13
Sagalés (Osona),1,OSO_2784,2025-10-14
Sagalés (Osona),1,OSO_4821,2025-10-13
Sagalés (Osona),1,OSO_4821,2025-10-14
Sagalés (Osona),1,OSO_4839,2025-10-13
Sagalés (Osona),1,OSO_4839,2025-10-14
Sagalés (Osona),1,OSO_4965,2025-10-13
Sagalés (Osona),1,OSO_4965,2025-10-14
Sagalés (Osona),1,OSO_8144,2025-10-13
Sagalés (Osona),1,OSO_8144,2025-10-14
REUS TRANSPORT,1,REU_101,2025-10-13
REUS TRANSPORT,1,REU_101,2025-10-14
REUS TRANSPORT,1,REU_109,2025-10-13
REUS TRANSPORT,1,REU_109,2025-10-14
REUS TRANSPORT,1,REU_117,2025-10-13
REUS TRANSPORT,1,REU_117,2025-10-14
REUS TRANSPORT,1,REU_118,2025-10-13
REUS TRANSPORT,1,REU_118,2025-10-14
REUS TRANSPORT,1,REU_119,2025-10-13
REUS TRANSPORT,1,REU_119,2025-10-14
REUS TRANSPORT,1,REU_120,2025-10-13
REUS TRANSPORT,1,REU_120,2025-10-14
REUS TRANSPORT,1,REU_123,2025-10-13
REUS TRANSPORT,1,REU_123,2025-10-14
REUS TRANSPORT,1,REU_150,2025-10-13
REUS TRANSPORT,1,REU_150,2025-10-14
REUS TRANSPORT,1,REU_151,2025-10-13
REUS TRANSPORT,1,REU_151,2025-10-14
REUS TRANSPORT,1,REU_170,2025-10-13
REUS TRANSPORT,1,REU_170,2025-10-14
REUS TRANSPORT,1,REU_171,2025-10-13
REUS TRANSPORT,1,REU_171,2025-10-14
REUS TRANSPORT,1,REU_172,2025-10-13
REUS TRANSPORT,1,REU_172,2025-10-14
REUS TRANSPORT,1,REU_179,2025-10-13
REUS TRANSPORT,1,REU_179,2025-10-14
REUS TRANSPORT,1,REU_194,2025-10-13
REUS TRANSPORT,1,REU_194,2025-10-14
REUS TRANSPORT,1,REU_198,2025-10-13
REUS TRANSPORT,1,REU_198,2025-10-14
REUS TRANSPORT,1,REU_199,2025-10-13
REUS TRANSPORT,1,REU_199,2025-10-14
REUS TRANSPORT,1,REU_219,2025-10-13
REUS TRANSPORT,1,REU_219,2025-10-14
REUS TRANSPORT,1,REU_221,2025-10-13
REUS TRANSPORT,1,REU_221,2025-10-14
REUS TRANSPORT,1,REU_222,2025-10-13
REUS TRANSPORT,1,REU_222,2025-10-14
REUS TRANSPORT,1,REU_223,2025-10-13
REUS TRANSPORT,1,REU_223,2025-10-14
REUS TRANSPORT,1,REU_224,2025-10-13
REUS TRANSPORT,1,REU_224,2025-10-14
REUS TRANSPORT,1,REU_233,2025-10-13
REUS TRANSPORT,1,REU_233,2025-10-14
REUS TRANSPORT,1,REU_234,2025-10-13
REUS TRANSPORT,1,REU_234,2025-10-14
REUS TRANSPORT,1,REU_235,2025-10-13
REUS TRANSPORT,1,REU_235,2025-10-14
REUS TRANSPORT,1,REU_242,2025-10-13
REUS TRANSPORT,1,REU_242,2025-10-14
REUS TRANSPORT,1,REU_46,2025-10-13
REUS TRANSPORT,1,REU_46,2025-10-14
REUS TRANSPORT,1,REU_47,2025-10-13
REUS TRANSPORT,1,REU_47,2025-10-14
REUS TRANSPORT,1,REU_55,2025-10-13
REUS TRANSPORT,1,REU_55,2025-10-14
REUS TRANSPORT,1,REU_65,2025-10-13
REUS TRANSPORT,1,REU_65,2025-10-14
REUS TRANSPORT,1,REU_75,2025-10-13
REUS TRANSPORT,1,REU_75,2025-10-14
Sagalés (Vallès Oriental),1,SAG_2812,2025-10-13
Sagalés (Vallès Oriental),1,SAG_2812,2025-10-14
Sagalés (Vallès Oriental),1,SAG_2823,2025-10-13
Sagalés (Vallès Oriental),1,SAG_2823,2025-10-14
Sagalés (Vallès Oriental),1,SAG_4206,2025-10-13
Sagalés (Vallès Oriental),1,SAG_4206,2025-10-14
Sagalés (Vallès Oriental),1,SAG_4253,2025-10-13
Sagalés (Vallès Oriental),1,SAG_4253,2025-10-14
Sagalés (Vallès Oriental),1,SAG_4254,2025-10-13
Sagalés (Vallès Oriental),1,SAG_4254,2025-10-14
Sagalés (Vallès Oriental),1,SAG_4257,2025-10-13
Sagalés (Vallès Oriental),1,SAG_4257,2025-10-14
Sagalés (Vallès Oriental),1,SAG_4261,2025-10-13
Sagalés (Vallès Oriental),1,SAG_4261,2025-10-14
Sagalés (Vallès Oriental),1,SAG_5297,2025-10-13
Sagalés (Vallès Oriental),1,SAG_5297,2025-10-14
Sagalés (Vallès Oriental),1,SAG_6131,2025-10-13
Sagalés (Vallès Oriental),1,SAG_6131,2025-10-14
Sagalés (Vallès Oriental),1,SAG_6139,2025-10-13
Sagalés (Vallès Oriental),1,SAG_6139,2025-10-14
Sagalés (Vallès Oriental),1,SAG_6170,2025-10-13
Sagalés (Vallès Oriental),1,SAG_6170,2025-10-14
Sagalés (Vallès Oriental),1,SAG_6270,2025-10-13
Sagalés (Vallès Oriental),1,SAG_6270,2025-10-14
Sagalés (Vallès Oriental),1,SAG_7333,2025-10-13
Sagalés (Vallès Oriental),1,SAG_7333,2025-10-14
Sagalés (Vallès Oriental),1,SAG_7642,2025-10-13
Sagalés (Vallès Oriental),1,SAG_7642,2025-10-14
Sagalés (Vallès Oriental),1,SAG_8893,2025-10-13
Sagalés (Vallès Oriental),1,SAG_8893,2025-10-14
Sagalés (Vallès Oriental),1,SAG_8895,2025-10-13
Sagalés (Vallès Oriental),1,SAG_8895,2025-10-14
Sagalés (Vallès Oriental),1,SAG_8978,2025-10-13
Sagalés (Vallès Oriental),1,SAG_8978,2025-10-14
Sagalés (Vallès Oriental),1,SAG_8979,2025-10-13
Sagalés (Vallès Oriental),1,SAG_8979,2025-10-14
Sagalés (Vallès Oriental),1,SAG_8981,2025-10-13
Sagalés (Vallès Oriental),1,SAG_8981,2025-10-14
Sagalés (Vallès Oriental),1,SAG_9729,2025-10-13
Sagalés (Vallès Oriental),1,SAG_9729,2025-10-14
Sagalés (Vallès Oriental),1,SAG_9768,2025-10-13
Sagalés (Vallès Oriental),1,SAG_9768,2025-10-14
VallsBus - Forbus SL,1,VAL_11,2025-10-13
VallsBus - Forbus SL,1,VAL_11,2025-10-14
VallsBus - Forbus SL,1,VAL_12,2025-10-13
VallsBus - Forbus SL,1,VAL_12,2025-10-14
VallsBus - Forbus SL,1,VAL_14,2025-10-13
VallsBus - Forbus SL,1,VAL_14,2025-10-14
VallsBus - Forbus SL,1,VAL_17,2025-10-13
VallsBus - Forbus SL,1,VAL_17,2025-10-14
VallsBus - Forbus SL,1,VAL_21,2025-10-13
VallsBus - Forbus SL,1,VAL_21,2025-10-14
VallsBus - Forbus SL,1,VAL_23,2025-10-13
VallsBus - Forbus SL,1,VAL_23,2025-10-14
VallsBus - Forbus SL,1,VAL_25,2025-10-13
VallsBus - Forbus SL,1,VAL_25,2025-10-14
VallsBus - Forbus SL,1,VAL_28,2025-10-13
VallsBus - Forbus SL,1,VAL_28,2025-10-14
VallsBus - Forbus SL,1,VAL_29,2025-10-13
VallsBus - Forbus SL,1,VAL_29,2025-10-14
VallsBus - Forbus SL,1,VAL_39,2025-10-13
VallsBus - Forbus SL,1,VAL_39,2025-10-14
VallsBus - Forbus SL,1,VAL_40,2025-10-13
VallsBus - Forbus SL,1,VAL_40,2025-10-14
VallsBus - Forbus SL,1,VAL_8,2025-10-13
VallsBus - Forbus SL,1,VAL_8,2025-10-14
VallsBus - Forbus SL,1,VAL_9,2025-10-13
VallsBus - Forbus SL,1,VAL_9,2025-10-14
Urbà de Vic,1,VIC_4046,2025-10-13
Urbà de Vic,1,VIC_4046,2025-10-14
Urbà de Vic,1,VIC_5287,2025-10-13
Autocars Gamón,1,ALS_0000899000000001,2025-10-13
Urbà de Vic,1,VIC_5287,2025-10-14
Autocars Gamón,1,ALS_0000899000000001,2025-10-14
DIREXIS TUSGSAL,1,AMB_000031,2025-10-13
DIREXIS TUSGSAL,1,AMB_000031,2025-10-14
DIREXIS TUSGSAL,1,AMB_000048,2025-10-13
DIREXIS TUSGSAL,1,AMB_000048,2025-10-14
Moventis,1,AMB_000080,2025-10-13
Moventis,1,AMB_000080,2025-10-14
Moventis,1,AMB_000081,2025-10-13
Moventis,1,AMB_000081,2025-10-14
Monbus (Horta),1,AMB_000119,2025-10-13
Monbus (Horta),1,AMB_000119,2025-10-14
DIREXIS TUSGSAL,1,AMB_000123,2025-10-13
DIREXIS TUSGSAL,1,AMB_000123,2025-10-14
DIREXIS TUSGSAL,1,AMB_000123,2025-10-15
DIREXIS TUSGSAL,1,AMB_000125,2025-10-14
DIREXIS TUSGSAL,1,AMB_000148,2025-10-13
DIREXIS TUSGSAL,1,AMB_000148,2025-10-14
DIREXIS TUSGSAL,1,AMB_000148,2025-10-15
DIREXIS TUSGSAL,1,AMB_000149,2025-10-13
DIREXIS TUSGSAL,1,AMB_000149,2025-10-14
DIREXIS TUSGSAL,1,AMB_000149,2025-10-15
Avanza,1,AMB_000151,2025-10-15
DIREXIS TUSGSAL,1,AMB_000154,2025-10-13
DIREXIS TUSGSAL,1,AMB_000154,2025-10-14
Moventis,1,AMB_000163,2025-10-13
Moventis,1,AMB_000163,2025-10-14
Avanza,1,AMB_000179,2025-10-13
Avanza,1,AMB_000179,2025-10-14
Avanza,1,AMB_000179,2025-10-15
Avanza,1,AMB_000180,2025-10-13
Avanza,1,AMB_000180,2025-10-14
Avanza,1,AMB_000180,2025-10-15
Avanza,1,AMB_000181,2025-10-13
Avanza,1,AMB_000181,2025-10-14
Avanza,1,AMB_000181,2025-10-15
DIREXIS TUSGSAL,1,AMB_000191,2025-10-13
DIREXIS TUSGSAL,1,AMB_000191,2025-10-14
DIREXIS TUSGSAL,1,AMB_000191,2025-10-15
DIREXIS TUSGSAL,1,AMB_000194,2025-10-13
